你快休息吧我爱你小度	1
暂停媳妇儿生气怎么办	0
不要	1
早点休息	0
妈妈请休息	1
你休息	1
我是叫你休息会儿	1
停止计时	0
关上	1
你休息吧	1
十分之后暂停	0
我上班了休息吧	1
我走啦你休息吧	1
声音为什么你闭嘴	0
原来暂停你内心的那个人不是我	0
暂停宝宝巴士	0
休息睡觉	1
你不要放屁了你休息吧	1
暂停我没问你你关机	0
我不想听了	1
请关闭	1
暂停不要吵	1
暂停几点了	1
停止遥控器模式	0
别放了	1
休息就是让你关机	0
闭嘴吭	1
休息歇一会儿啊	0
先暂停我给你说个事儿	1
你可不可以休息一下等你不累了再放	1
乖乖休息吧	1
退出播放	1
我在这里说你不休息的意思是什么吗	0
休息确定	0
20分钟休息	0
我出去晒太阳了你休息	0
咋不听话暂停	0
休息休息	1
40分钟后暂停	0
关闭音箱	1
不唱了	1
取消	1
这首歌放完就休息	0
暂停关闭屏幕	0
这个歌手停止	0
点休息晚安	0
休息会儿吧	1
闭嘴把关把灯关了	0
暂停玩手机	0
你可以去休息了	1
这边刚停了这边刚开始	0
休息要不要过来	0
休息小猪佩奇一起在那里	0
你休息吧	1
你休息	1
起风了暂停	0
把这个闹钟暂停	0
我们吃饭去了你也吃饭去休息休息啊	0
帮我十一点半暂停	0
暂停现在几点了	1
关机查看休息	0
暂停往后余生	0
停止停止播放	1
不唱了	1
明天不要打扰我休息	0
你就好休息吧	1
暂停音乐视频	0
暂停所用衣服摩托成龙45码速度	0
停下来	1
洗头休息有哪种溶液	0
取消闹钟	1
停止返回	1
关音乐	1
休息我做饭去了	0
关了吧现在几度	0
停止关机	0
30分钟后暂停	0
停止返回	1
暂停情歌赛过春江水	0
不听了	1
别放了	1
休息康熙的熙怎么写	0
休息会	1
打开休息助手助手	0
别放歌了	1
休息了没生雄	0
我休息我想去宜家	0
暂停打开视频	0
全日没什么事儿休息吧	0
暂停这首歌的名叫什么	0
休息下	1
医学床一些休息	0
两分之后停止	0
声音停止	0
停掉	1
再过20分钟休息	0
关闭屏幕停止唱歌	0
暂停ipad视苹果吗	0
宝宝睡停止	1
没事你休息吧	1
闭嘴家族下歌	0
你退下吧	1
暂停不听嘿我要走了	0
暂停天气预报	0
停了吧小度小度	1
停止播放音乐	1
放这个就休息吧	0
暂停新闻进入百度	0
停休息关机	0
暂停暂停老妈带去大裤衩在那里然后然后	0
暂停芭比之	0
你不要说停了吧暂停了	1
你休息一会儿我吃饭去了	0
停啊	1
关了关了	1
休息啊	1
休息给我放一首	0
休息一下我要睡觉了晚安	1
都休息	1
暂停讲故事	0
停下来	1
退出播放	1
暂停暂停我就把你电源	0
闭嘴吧	1
停掉	1
放一个停了	0
停止吧	1
休息歇一会儿吧	1
你洗过呗别说了	0
点休息	1
休息播放我的收藏列表	0
暂停你说什么	0
暂停歌曲	1
暂停摇摆摇摆小苹果还是什么小手拍拍	0
应该休息了	1
暂停你好丑啊暂停	0
别说话	1
休息点	0
暂停拿来一个	0
关闭关闭	1
不唱了	1
安静休息一会睡觉吧	1
倒计时暂停	0
休息一下谢谢你辛苦了	1
1个小时后暂停	0
关闭吧	1
在播放半个小时暂停	0
暂停香肠派对	0
暂停5分钟	0
你休息吧	1
暂停几点了	1
退下清	0
20分钟停止	0
停止声音播放海底小纵队	0
暂停叫猫咪来吃饭	0
休息音乐父亲	0
闭嘴吧	1
暂停第3季第三三章	0
暂停刚才你说的什么	0
音乐关闭	1
休息休息	1
休息小度小是吧	0
闭嘴吧	1
关闭闹钟	1
休息唉什么唉	0
暂停一下我弟弟睡觉吗	0
休息的太厉害了吧	0
退出播放	1
关掉关掉	1
不要小度暂停	1
退出播放	1
去休息吧	1
休息关机	0
你休息吧	1
休息吧吵死我了	1
怎么样闭嘴	0
停止米小圈上学记	0
休息休息几天空运我怎么办	0
错了停止吧	0
停止倒计时	0
暂停说第5集	0
放闭嘴是什么意思	0
把秒懂百科暂停	0
给我闭嘴再吵把你砸了	1
停止音乐	1
听	1
退出吧	1
over出去玩在家里面休息了哈	0
不用了	1
闭嘴放什么东西啊	0
停止顺丰发过来的直接深圳发货的	0
我们要休息了	1
休息一天	0
闭嘴然后我们再想起他的时候	0
停止小度小度	1
暂停现在天气怎么样	0
暂停银行长沙	0
哪个嘞闭嘴	0
播放停止	1
声音休息	0
停一下狮子叫	0
静音休息	1
把音乐关掉	1
取消	1
别说了妞妞睡着了	0
暂停音乐我走了	0
取消闹铃	1
你也早点休息吧	1
10分钟以后停止停止看抖音	0
退出音乐	1
你别停止啊你说点啥呀	0
闭嘴爱吧	1
暂停洋洋姐姐讲故事	0
关上吧	1
暂停你是我爸爸是吧	0
换了休息播放宋喜军港之夜	0
停止这个hello	0
休息吧要不	1
你为什么停停播放暂停	0
下去吧退下吧	1
请暂停请放一个儿童歌曲	0
停了那个我要听小苹果	0
不说了	1
把音乐关掉	1
20分钟后提醒俊哥休息眼睛	0
你妈逼能闭嘴吗	1
然后休息真好然后我说不是你你你你看看	0
休息把声音放小一点	0
闭嘴关机	0
讲5分钟就停了	0
那我退下了等你再来哟	0
嗯不要停了关了	0
停止吧	1
休息力公主故事休息	0
播放二十年后停止	0
暂停来一首好爸爸坏爸爸	0
停止点cctv	0
暂停睡觉了几点钟了	0
这个节目播放完毕后就停止	0
屏幕关了吧	0
在家里休息怎么又唱歌了	0
闭嘴积分兑换	0
你给我把声音关了吧吧	0
暂停放一首陈瑞的歌我听	0
闭嘴小度是啥呀	1
哼哼哼暂停	1
停止音乐	1
休息音量	1
停止放歌	1
要个小时半后停止	0
这个停下来停下来	1
不听了	1
暂停吵死了	1
休息10分钟	0
暂停关闭次卧空调	0
怎么停了	1
停下来	1
音乐停止	1
不听了	1
停止播放音乐	1
不感兴趣休息吧	0
休息妈妈	0
暂停一下我要听那个童话镇	0
暂停1小时后叫我	0
暂停歌曲	1
你怎么又停止了	0
把屏幕停了	0
不猜谜了停止	0
请退出	1
音乐关掉	1
暂停蓝色的蒙古高原	0
播九集休息	0
暂停这条新闻	0
退出播放	1
小度音乐暂停	1
是挺远休息吧	0
怎么不放了	1
怎么不讲了	1
休息一阵	1
好的好的先去休息吧	1
音乐关了	1
暂停放真爱一世情	0
暂停小换一换重新换一首	0
不要放了	1
休息送给马里	0
声音停下来	1
我妈妈又生了休息吧	0
设休息	0
来咯闭嘴	1
待会我们在一起玩吧你先休息休息吧	1
把音乐关掉	1
退出播放	1
呃杰克解除暂停	0
继续播放直接休息	0
停下吧	1
停止570点9=多少	0
把音乐关了	1
停下来	1
晚安停止	1
休息了睡觉关机	0
不要放歌了	1
停止10分钟倒计时	0
你休息	1
20分钟后你你帮我暂停	0
暂停打开卧室灯灯	0
不要放音乐	1
关闭嘴	1
停止明天再看	0
闭嘴什么	0
好啦别读啦休息	1
闭嘴挺好的	0
暂停几点了	1
暂停暂没有	0
音乐停止道歉	0
暂停hello	0
韩国暂停四十叫声	0
退出音乐	1
10分钟后自动暂停	0
闭嘴没叫你小度小度慢一点	1
停止早间新闻	1
音乐关了	1
别吵闭嘴	1
停止校车的故事	0
暂停高斯奥特曼	0
休息关机	0
暂停给我垫子宠物	0
休息五点钟	0
你把声音给我关了吧	0
叫你休息啊	1
请休息请关机	0
停止在哪里啊	0
休息宝贝儿	1
休息了睡觉	1
暂停骂人话	0
退出吧	1
停止度的声音	0
20分钟后暂停	0
停止音乐	1
关闭闹钟	1
暂停个电视剧的歌曲上海滩	0
30分钟停止	0
暂停我要看玩具	0
暂停我要看西虹市首富	0
暂停电视剧	1
40分钟后停止	0
停止唱歌儿歌	0
闭嘴放一段迪斯科音乐	0
关了这关了吧	1
是不是该休息了给小朋友讲讲	0
讲一个就停止	0
你有休息时间吗	0
关掉闹钟	1
取消闹钟	1
暂停搜索派怎么设置	0
关了吧上班了	1
暂停beautiful	0
暂停抱着你的时候你在了	0
暂停就是老师武汉的	0
明天关了吧明天晚上	0
暂停哦知道了乐乐	0
休息一会吧再见	1
暂停暂停暂停我要起床	1
不要唱	1
睡觉睡觉	1
不要放歌	1
别说话了	1
今夜闭嘴	0
把歌关掉	1
停止音乐	1
退下来	1
不管它影响力太贱了你关了吧	1
暂停我想看海尔兄弟	0
把歌关了	1
休息他不跳	0
停止否知否	0
不唱	1
休息休息	1
不要放歌了	1
音量休息一下	1
休息不会发现我难受	0
音乐关掉	1
音乐关了	1
取消闹钟	1
暂停吓死我了	0
不要唱了	1
声音小一点暂停吧休息	0
暂停怎么说话呢	0
休息好	0
休息啊	1
暂停爱奇艺	0
暂停你最喜欢想睡觉	0
难道你是休息完了吗	0
为什么网络一直暂停	0
他退出了暂停	1
休息什么	0
闭嘴嘴	1
别说了我们休息了	1
声音停了	0
小点声音休息一下吧	0
你怎么休息了呢你你不唱歌了吗	0
半个小时停止	0
10分钟15分钟后停止	0
休息吧等一下来	1
不要唱了	1
你昨天休息好了吗	0
停止声音	1
不对闭嘴	1
播放停止	1
休息睡觉	1
闭嘴吧你咬死我	1
暂停退出投屏	1
暂停声音降低40%	0
今天休息	0
音乐停	1
回来休息一下	0
泡妹子丫闭嘴	0
休息一会儿歌	1
你休息吧	1
休息会儿吧睡觉了休息	1
鸡鸡休息	0
退出播放	1
暂停服务又不好好吃饭了	0
休息休息	1
暂停小猪佩奇	0
暂停奥特曼	0
不要唱歌了	1
音乐暂停	1
我老公闭嘴	0
你休息一下	1
在休息了不下降你家妈妈啦	0
嗯减低这个电视暂停	1
他们是不是在休息想吃东西啊	0
在哪他累了休息一会	1
关掉吧	1
结束	1
音量关了吧	0
停了别别吵了	1
听	1
我不听了	1
你不是休息我要睡觉了	1
取消	1
q歌曲你停止吧	1
暂停模拟汽车飞机	0
暂停暂停换下一个	0
停止吧我出去了	1
别放了	1
停止小度小度	1
不要放歌了	1
关掉吧	1
停止早上把声音	0
停止了物语下	0
10分钟后暂停	0
十二点暂停	0
暂停关闭屏幕	0
晚上要休息啦	0
小一会儿休息会儿	0
关闭不听停停停不要	1
不唱了	1
停停一下休息休息哈暂停	1
声音休息会儿	0
暂停唱邓丽君的歌	0
暂停我去上班了	0
关了吧	1
暂停天气怎么怎么样下不下雨	0
暂停乌黑表示颜色	0
取消闹钟	1
不听	1
休息小度	1
暂停学小鸭子叫	0
暂停返回首页	1
30分钟后暂停	0
停止音乐电视	0
继续休息	1
我们大家都一起休息一会好吗	0
休息会儿休息一下	1
翻译休息一会娃娃	0
暂停播放你在说播放我拔电了你再说一遍	0
暂停吧我们要睡觉了你也睡觉吧	0
原来暂停你内心的人不是我会行	0
休息啊	1
我不听了	1
我爸爸不睡觉你就休息	0
你休息	1
休息吧休息一天	0
我没有说暂停继续	0
暂停1分钟	0
停止国际新闻	1
那小度暂停	1
休息吧不太累了	0
关了关了	1
停止那个听歌	1
5分钟之后自动暂停	0
休息小度	1
休息冰冻拳	0
休息了我们要睡觉觉啦	1
暂停为你好	0
停了	1
休息啊	1
停了吧我不爱听	1
播放停止	1
你去休息吧	1
我下班了你休息吧	1
嘻嘻宣战停了	0
暂停几点了	1
暂停我要看猫和老鼠	0
停止关机	0
讲这个就休息	0
暂停打开窗帘	0
你不休息吗	0
你早点休息明天见	0
你去休息了吧	1
暂停打老虎打开	0
个休息休息	0
开始小度暂停	1
静音休息	1
该休息了关机吧	0
闭嘴吧	1
停止这首歌不好听下一首	0
暂停小苹果	0
关闭了	1
你还没休息啊	0
别放歌了	1
暂停是什么意思	0
暂停我定的什么闹钟	0
我们不想听了我们不想听了你关了吧	1
音乐暂停	1
休息吧我困了	1
他们休息	0
暂停赶紧把作业本什么的更麻烦了	0
暂停大点声	0
播放瑜伽休息术	0
停止播放音乐	1
播放王者机以后停止	0
四十等你同学这个休息了	0
把音乐关了	1
退下吧知道	0
我们现在就可以休息吗	0
停止8k	0
把音乐关了	1
闭嘴霞同学	0
屏幕关了吧	0
没有什么事情闭嘴吧	1
你休息歇一会儿	0
你休息吧明天记得叫我起床	0
停止播放音乐	1
不要播放了	1
产品开在休息吧	0
停下来	1
那你嘴巴停止吗	0
暂停吧知道了	1
闹钟取消	1
切换休息歇一会儿	0
休息歇一会儿吧我累了	1
停机休息	1
为啥不休息吗	0
睡觉吧	1
暂停9点48提醒我	0
停了吧不需要了	0
别放了	1
不要唱了	1
暂停打开小屏	0
暂停我这边还没去啊	0
把屏幕关了吧	0
放一首曲子叫20分钟就停止吧	0
开始休息的时候咱们就睡觉吧好吗	0
明天停止	0
嗯休息一会儿歌	0
妈妈请休息	1
暂停一下行不行	0
关音乐	1
停止吧唱的太丑了	0
我想睡觉了你休息吧	1
暂停泉州今天几度	0
他说暂停花开中国年张婷	0
休息一下不用谢	1
暂停音乐中搜索吴青松	0
明天休息啊	0
休息穿鞋走了咋这么稳	0
停止带我	0
停止设备	0
停止会不会下雨	0
取消播放	1
生僻字关了吧	0
退出播放	1
闭嘴威风堂堂	0
你早点休息好吗晚安	0
暂停放中央一台	0
停止放音乐	1
闭嘴嘴钳	1
音量休息一下	1
你为什么自己总停止放音乐呀	0
停止瑜伽	0
20分钟以后停止	0
休息一会儿歌	1
朕让你退下	1
现在是早上休息的	0
不用唱了	1
暂停斗罗大陆	0
该睡觉啦休息啦	1
接着停止	1
暂停一段豫剧	0
那个窗口暂停	0
20分钟后停止	0
不要放了	1
西安休息	0
刚才放的电视剧怎么停了	0
不想听了	1
点休息	1
暂停朝鲜战争	0
休息几天继续出现	0
暂停怎么啦	0
stop	1
休息一会警察	0
它会停止说话	0
把声音放到暂停	0
停止吧我要走了	1
30分钟以后暂停	0
要不然我们再休息一下吧	0
停止回到首页	0
要不就休息	1
暂停我们的八十年代	0
暂停把屏幕关掉	0
闭嘴吧你怎么怎么	0
半个小时之后暂停	0
静音休息	1
暂停第2集的屁股	0
暂停你爱吃啥	0
暂停搜索挑战	0
谢歇会儿	1
音量休息一下	1
休息一下吵死了	1
停止小度	1
难听死了闭嘴吧	1
把电视关了吧	1
在哪关闭暂停主灯	0
你闭嘴吧	1
不要唱歌了	1
爱上幼儿园暂停	0
休息一下怎么啦	0
闭嘴爱吧	1
扰你休息	0
退出儿童歌休息休息	1
别说了你说的啥费劲	0
休息关机	0
关闭嘴	1
听	1
关音乐	1
几点休息	0
休息吵死了	1
音量休息一下	1
音乐关了	1
我要看动画片停止	0
暂停我要听黑猫警长的故事	0
永远暂停没有我的口令	0
把音乐关掉	1
音量休息一下	1
睡会退下吧	1
停止你的变态	0
停止停止	1
消停一下消停一下	1
暂停它自动还有讲故事的那一般都是机里面	0
音量休息一下	1
玩儿玩儿玩儿暂停漂流瓶	0
当成王敏中的绿叶全部蒸干后停止加热对吗	0
刚刚还是闭嘴把声音到35	0
暂停想听孤单了	0
你休息吧	1
暂停恐龙王	0
暂停我们要走了	0
为什么刚才那个屏幕停下来啊	0
两点钟叫我休息	0
停止关机	0
退下我们睡觉的歌	0
我不是说过了暂停吗	0
暂停谁最漂亮	0
闹钟取消	1
来干嘛一个人休息	0
因为她休息了	0
关闭你能休息一会我们不想听你的气了	0
我要看电影并暂停这段一路	0
停止早期播放	0
暂停的歌是什么	0
休息吧休息会儿吧	1
停止听见了吗	0
你太累了休息一下吧	1
我们没有跟你讲话你休息吧	1
暂停我要看一个	0
把音乐关掉	1
不要放音乐了	1
停止吧	1
停止加速版	0
你稍微休息几分钟	0
去休息	1
20分钟后停止	0
停止里面	0
休息休息	1
30分钟后停止	0
20分钟后停止	0
声音歇会儿病怎么得的	0
关闭闭	1
休息晚安	1
暂停你怎么做成	0
停掉	1
停止否知否	0
暂停临安天气	0
休息了我们走啦	1
休息吧我想休息一下	1
暂停五子棋	0
退出播放	1
闭嘴打开qq登	0
退下8分钟	0
停止轮流	0
休息会什么呀	0
停止说的连起来的	0
休息是什么意思	0
暂停奥特曼歌	0
暂停宝贝儿也不听啦	0
退出播放	1
停止播放歌曲	1
怎么不放歌了	1
给我闭嘴把那个智能插座关了	1
怎么停了没有歌啦	0
没事儿你退下吧	1
暂停对不起	0
关掉吧	1
休息下	1
关	1
关了吧	1
我这边停了	0
暂停要看恐龙救援队	0
你需要休息	0
暂停迪亚哥迪亚哥	0
闹钟取消	1
停下来吧拜拜	1
退下吧我要退下	1
15分钟后就停了	0
小猫歇会儿	0
明天六点喊我起来你休息吧	0
声音帮我们讲一下孩子婆婆家你先休息一会	0
随机你休息一下吧	1
取消	1
两分钟后暂停	0
休息一	1
我我休息一下再跟你玩吧	1
请停止	1
太傻了关了吧你	1
停止乖乖乖	0
打开暂停成长记	0
休息了40%取消	0
声音停止吧	0
暂停刷牙系列	0
休息吧你关机吧	0
关音乐	1
把音乐关闭	1
小度故事暂停	1
音乐暂停	1
哈哈是你休息一下吧	0
不要唱了	1
把歌关了	1
停止播放音乐	1
停止限行尾号	0
把歌关了	1
音乐关闭	1
你休息吧别理他们了	0
暂停个20分钟的闹钟	0
不用不用停了	0
不听了	1
暂停我没有看小猪佩奇	0
你准备几点几点休息啊	0
暂停请帮我放延禧攻略第20集	0
不要放歌	1
我不想听了	1
暂停不要退出	0
不要播放了	1
不听你闭嘴嘴	1
不要播放了	1
今天你先休息吧	0
请关闭	1
1个小时以后休息	0
暂停沙漠骆驼	0
停止吧家三年	0
20分钟后暂停	0
休息吧我要洗澡了	1
休息小度	1
停歇会儿吧	1
暂停是什么	0
你们怎么休息	0
打休息一会也打雷了	0
停下来	1
休息吵什么吵	0
没问休息	0
暂停小兔烧豆腐小杜小杜	0
这首歌这首歌放过之后停止	0
不要说话	1
关闭作业了暂停打开	0
停止停止	1
现在放的是什么停止闭嘴	0
今天是不是休息	0
你给老子退下吧	1
今年关掉我要休息一下	1
我要上班去了你休息吧	1
休息一会儿唉	1
停一下让我留在你身边	0
你睡觉吧	1
停止我也不知道啊	0
闭嘴我不想听这些废话	0
这是不是一定要车呀暂停	0
休息吧小度	1
停下来	1
暂停奥特曼	0
暂停男朋友	0
音乐停止快进	0
休息一下晚安	1
关音乐	1
闭嘴在哪	1
不听了	1
暂停知否知否	0
暂停不要看了石头相当于在看动画片	0
暂停英文英雄	0
休息啦	1
音量休息一下	1
停止直接回了我爷爷打电话	0
把音乐关了	1
嗯播放半个小时以后自动停止	0
暂停屏幕关闭	0
停止讲话	0
暂停不能再原谅	0
暂停学习视频	0
你鼓励大家101休息一会儿吧谢谢	0
暂停怎么啦	0
关闭播放	1
休息休息	1
我不想听了	1
休息歇一会儿吧	1
嗯停止	1
停止拍照	0
不要了小度闭嘴吧	1
音乐关掉	1
暂停知否知否应是绿肥红瘦	0
停止播放停止播放	1
休息一天吧	0
休息一会下雨	0
暂停我打个电话	0
听话休息休息	0
暂停是观音菩萨菩萨	0
停了睡觉了吗	0
我不想听了	1
怎么不播放了	1
丫的闭嘴	1
播放停止	1
this呃暂停你内心的人不是我	0
暂停我要看功夫熊猫	0
暂停是不是啊	0
3分钟以后停止	0
其他全暂停	1
还没休息呢	0
暂停狼人猜谜语	0
stop	1
暂停我们的宝宝要睡觉了	0
不要说话了	1
停止读什么	0
暂停我的我的订阅咋又没了	0
我不想听了	1
闭嘴六点半	0
暂停go搜一个恐龙	0
听	1
闭嘴吓死我了	1
停止讲故事	0
暂停吓唬我儿子下	0
暂停看看要不要导航	0
我把那个暂停	1
停止止我给你	0
闭嘴外文件	0
关闭歌曲	1
休息一下不要再唱了好讨厌你	1
不要讲故事了休息一下	1
迷你的不要停了	0
暂停歌曲	1
休息再见	1
暂停五游戏视频	0
播放5分钟起床音乐之后停止	0
我要休息了	1
暂停办喜事	0
休息怎么办	0
请在1个小时后停休息一下停止	0
你休息吧	1
小米闭嘴	1
休息一下点声	0
好啦不要说了停止	1
退出退出	1
关闭关闭	1
不要唱歌了	1
停止的英语怎么说	0
暂停爱的海洋	0
你不休息吗	0
闭嘴吧	1
把音乐关了	1
休息吧唱什么呀	1
40分钟后自动停止	0
停了吧	1
停止声音	0
停止打开第1个葫芦娃吗	0
休息15分钟	0
休息休息	1
播放汪峰的休息吧	0
停止度	0
你怎么停了	1
休息去了	0
休息好	0
30分钟后停止睡前故事	0
我没让你休息啊	0
去休息一下	1
下班下班了休息	0
再说一遍事退下度小度	0
暂停1分钟	0
关闭屏幕暂停	0
取消播放	1
休息休息睡觉了晚安	1
暂停三字经	0
休息没事啊	0
休息还没	0
关关休息吧	1
进休息	0
休息小声一点	0
暂停打开小视频	0
把音乐关了	1
暂停我想看奥特曼	0
暂停英语怎么说	0
25分钟后暂停	0
暂停3分钟	0
没休息呢	0
暂停今天有雨吗	0
吴江啦休息	0
取消	1
别休息会儿	0
暂停蛋挞怎么做	0
停止停止	1
暂停幼儿园	0
休息一下吧继续播放	0
停止什么	0
暂停小主人要换睡衣了	0
不要说话	1
叫你别说了	1
小心眼你暂停	0
我想你闭嘴	1
休息跟着听懂的歌	0
暂停汽车园	0
停止甄子丹演的电视剧	0
暂停1+1等于几	0
我不问你了你好休息吧	1
你休息吧	1
关音乐	1
丢人半天休息	0
停止音乐并且关机	0
你闭嘴	1
闭嘴怪诞小镇第2季第15集	0
暂停你喜欢郑嘉豪吗	0
唱一段秦腔暂停	1
告诉我自己停止	1
关闭程序休息一会	1
你快休息吧你到啥了	0
休息一下吧	1
从三国给东东停止放歌给党听	0
闭嘴我想看动画片	0
下一个停了吧	1
闭嘴的英文是什么	0
关闭音箱	1
休息了睡觉了	1
开始休息	0
暂停几点了	1
暂停这个不要看我说过了他说脏话	0
stop	1
休息一下你辛苦辣	0
我这边很好好休息	0
换一个不换啦小度停止休息	0
你休息吧我说你唱的大声点的嗯	0
关闭嘴	1
退出播放	1
我要去上班了你休息吧	1
你退下吧明天早上	0
睡觉吧	1
暂停晚上九点提醒我打卡	0
暂停不对打开屏幕	0
为什么停了	1
不要放了	1
让我的猫咪去休息	0
你在说什么叫你暂停你说什么	0
休息觉呢	0
半个小时以后暂停	0
闭嘴是什么意思	0
不听了	1
天天休息秀秀	0
暂停雨蒙蒙沙漠	0
暂停刚才的讲故事	0
20分钟后停止	0
关掉吧	1
休息吧晚安	1
休息几天	0
暂停邓紫棋的歌	0
听	1
取消闹钟	1
我不想听了	1
暂停电视剧	1
暂停打开主页面	0
暂停1分钟	0
请休息	1
暂停几点钟的声音	0
休息的时候	0
把电视给我赶紧关了吧	0
停下来	1
关闭嘴	1
把音乐关了	1
我想休息了你也休息吧	1
闭上嘴巴不说了	1
把屏幕关了吧	0
20分钟后停止	0
听	1
休息了拜拜	1
嗯关闭	1
是的休息	1
暂停会不会	0
音乐关掉	1
休息协奏曲	0
暂停行动队	0
关闭了	1
闭嘴吧	1
早点休息	0
休息吧睡觉了晚安	1
暂停再不暂停暂停	0
停止冰雪奇缘	0
现在开始休息明天早上七点叫我起床	0
请暂停就是就是他那个谁然后吕伟就是	0
闭嘴的英语	0
笨蛋闭嘴	1
闭嘴吧大家	1
ipad不能暂停	0
停下	1
暂停我要看香肠派对	0
老子休息一下	0
取消	1
停止背着我的好妈妈	0
休息啊	1
关机小度小度暂停	0
暂停再玩一个读心术咋样	0
为什么歌曲停了	0
下一个暂停	0
休息了我妈白天了	0
别说话了	1
休息音量	1
暂停小漫画	0
如何让一个化妆的女人闭嘴呢	0
退出歌曲	1
妈妈明天休息	0
休息唱一首爸爸妈妈	0
停止你说啥	0
暂停吃饭的城怎么写	0
暂停你睡着了没有	0
停止讲故事	0
停一下声音小点	0
暂停一段咖啡音乐	0
暂停10分钟	0
放手那个周周停止	0
压力停止	1
休息怎么写	0
暂停三生三世	0
请注意休息q	0
半个小时后停止	0
退出退出	1
播放1小时后停止	0
到其他地方去休息一会行不行	1
没和你说话你休息吧	1
暂停裤子穿上吧	0
你闭嘴的英语	0
铅笔休息	0
你休息吧	1
我们暂停的是什么歌	0
后面休息	0
歇一会儿	1
不要讲故事了停止讲故事	0
取消	1
40分钟暂停歌曲	0
暂停我要看公主动画片	0
关了吧早晨外边凉出来出来出来	1
关闭闹钟	1
播放本本章小说播放完自动暂停	0
取消	1
我休息了啊明天再说吧	0
把音乐关掉	1
屏幕停止	0
1分钟后停止	0
停止的英语怎么说	0
休息吃饭	0
休息啊	1
休息一会会再一起	1
停止怎么画	0
暂停上一集	0
暂停不敢再说	0
我不想来找你把嘴闭上吧	1
小声点暂停	0
歇会儿吧下次吧啊	0
休息喜欢有没有物流单号休息	0
放一首休息了	0
休息休息	1
快进两分钟暂停	0
把闹钟停下来	0
大消息休息散步	0
关闭吧	1
音乐暂停	1
里配置的吧休息	0
关关闭	1
休息几天	0
你为什么总暂停啊	0
暂停洗澡出来	0
停止吧	1
停下吧	1
不要放歌	1
20分钟后停止	0
停止关闭屏幕	0
停止什么话题呢	0
关	1
暂停调到三十	0
你好好休息	1
我不想听了	1
暂停李君美你看完了吗还看什么不是没有了吧	0
停止主角	1
闭嘴什么时候小猪小兔	0
播放1个小时后自动停止播放	0
换一首暂停	0
停止图片	0
暂停听倍儿爽	0
继续播放两分钟后停止	0
暂停几点了	1
停了来一首鹅鹅鹅	0
暂停游乐场怎么说	0
停了吧	1
闭嘴呀	1
不要唱了	1
休息一下我们要出去玩	1
休息时间	0
明天天气怎么样这么麻烦叫我休息	0
暂停我要跟妈妈视频	0
暂停三国演义	0
音乐关闭	1
暂停对象机里说什么	0
别说了声音小一点	0
闭嘴英语怎么说	0
休息听课	0
不想退下吧	1
明天休息了	0
停止南翔和他走了	0
关闭了	1
把全部停止	1
把音乐关了	1
闭嘴爱吧	1
停止屏幕	0
怎么停了	1
叫你休息	1
退出播放	1
暂停继续播放刚才没有听完的歌	0
不听了	1
暂停二胡独奏二泉映月	0
请停	1
暂停小度小度开始	0
停停止	1
停止小度	1
暂停什么视频	0
播放20分钟之后暂停	0
休息媳妇儿	1
别说了宝宝睡觉了	1
闭嘴什么意思啊	0
休息休息	1
休息关机张大毛	0
闭嘴牛郎	0
暂停哎呀别唠唠了	1
请关闭	1
暂停给婆婆打电话	0
暂停烦死你了	1
暂停键宝宝巴士	0
休息都喝了吧我刚吃完饭	0
恐龙是不是小鱼暂停英雄爸爸大恐龙灭绝	0
太不好听了暂停	1
关了吧再见	1
今天我休息	0
不要说话	1
休息睡觉	1
我想听了关了吧	0
暂停20分钟	0
休息一下吧	1
退下起床	0
休息你不听话	0
关小声休息	0
再见休息吧	1
暂停盗墓笔记	0
休息一会儿快下来赶紧要不就完了	0
你休息	1
猪猪侠先暂停	0
可以暂停好的继续	0
5分钟后停止	0
1小时以后停止宝宝	0
3分钟后暂停	0
暂停的暂怎么写	0
我乖乖闭嘴	1
不要这样了休息一下	1
暂停我要听小星星我要听	0
放十三个暂停	0
暂停有没有	0
不要	1
停止呼叫	0
休息已经了	0
暂停气预报	0
暂停我要看漫画	0
不要放了	1
暂停第2排一个	0
半个小时之后暂停	0
暂停你在干嘛	0
停止放歌	1
暂停我们要去打跆拳道	0
暂停开始游戏	0
休息你的屁股	0
暂停10分钟的话再给我看	0
停止回到首页	0
关闭不要听十点钟暂停	0
休息时间	0
就先睡休息	1
我想问一下微微闭嘴	0
我出去一会也休息吧	1
别喊他睡觉了暂停暂停	1
你停一下我要换一首歌	0
咱们休息会儿吧	1
不	1
关掉音箱	1
休息一下吧	1
接着讲个事休息	0
暂停继续播放小雨花鼓戏	0
暂停小宝贝想听	0
休息睡觉	1
停止停止播放	1
音乐关掉	1
关掉关掉	1
你休息好了吗	0
音乐关掉	1
三十八三十秒后停止	0
暂停贝瓦儿歌	0
你可以休息了小度	1
关掉吧	1
半小时之后停止	0
音乐暂停	1
声音关了吧	0
闭嘴唱唱	0
暂停第3季	0
休息关机	0
闭嘴我都给你改名字吗	0
来一首请闭嘴	0
别放了	1
小猪休息	1
别说了刘洋	0
播放音乐停了声音放小一点点	0
休息吧关机吧	0
暂停没有我喜欢的	0
暂停你要不要	0
音乐关掉	1
不要唱歌了	1
停止播放音乐	1
唱那个歇会儿	1
休息吧你们很累啊	0
暂停呃陈丹照片	0
你歇会儿吧我自己什么呢	0
休息五	0
你别说了好吗我都给你听烦了	0
要啥呢闭嘴	1
停止呼叫	0
嗯那你说点暂停了所以我就怕了	0
播放下一个暂停	0
休息休息7点20分	0
把音乐关掉	1
声关了吧	0
停止放鞭炮	0
暂停放一首歌	0
暂停明天继续讲	1
停了不要再唱了休息	1
这个音乐好好听可好暂停一下	0
暂停明天早上九点提醒我去	0
关闭关闭	1
30分钟后暂停	0
我命令你小度休息	1
你怎么猜才停了邓丽君的歌啊	0
我要听个休息的钢琴曲	0
来捣乱了暂停	0
暂停索朗扎西的姑娘我爱你	0
不听了	1
嗯整个都休息了	0
取消闹钟	1
暂停星期五	0
闭嘴关闭屏幕	0
暂停不补了	0
别放了	1
你给我闭嘴	1
因为音乐停了	0
怎么停了	1
小杜小杜暂停	1
休息好了	1
停止声音	1
暂停今天的天气怎么样呢	0
哎呀那音乐声音调到闭嘴	0
我要出门你休息	1
停下来休息休息几分钟	0
音乐关掉	1
闭嘴我妈呢	0
暂停不是这一首	0
闭嘴陈柯宇兄弟四	0
退出吧	1
昨晚停止唱歌	0
暂停我要看小花动画片	0
怎么这个都可以办法帮暂停用了	0
这个休息一下	1
晚上八点提醒你爸爸和爷爷停止看手机	0
停了关机	0
停止停止播放	1
关机一会我们休息了	0
把音乐关掉	1
暂停请打开名侦探柯南	0
暂停音乐数学学为啥修不好了	0
停一下然后打开	0
停下来	1
休息他就休息了	0
关了吧	1
邀请晨要上学啦你可以休息了	0
停止倒计时	0
休息会儿吧关机	0
暂停打开第8个	0
静音休息	1
返回到页面暂停	1
停止恰恰	0
你先休息我等一下再来听有吧好吧	0
暂停星际小蚂蚁	0
你就去休息吧	1
休息宝宝吃什么	0
暂停狙击枪	0
你别说了我刚才说话	0
暂停这两点消除没货上	0
停止唱歌	1
别说话了	1
不要唱	1
你休息吧有没有叫你啊	0
关音乐	1
幸苦了休息会	1
发红包暂停	0
休息关机	0
爸爸是不是声音放到最小停止播放	0
暂停关闭单曲循环	0
闭嘴爱吧	1
停一会儿给我定明天早晨七点的闹钟	0
整个停了	0
关掉歌曲	1
在哪里休息一会	1
停停停热闹听歌	0
停止讲故事	0
暂停暂停为什么不暂停啊	0
关机吧我们走了关了吧	0
关闭吧	1
怎么停了	1
小点声也休息吧	0
你休息吧我心疼你啊	0
我不听了	1
给他休息一会儿	1
没事没叫你你可以休息了	1
休息太晚了	1
暂停我生病了关心一下我	0
半个小时后暂停	0
停止播放音乐	1
15分钟后自动停止	0
暂停熊大熊二	0
你闭嘴	1
暂停我睡觉里	0
时候停止	0
不要放了	1
暂停拜拜关机	0
关音乐	1
关闭关闭	1
暂停我要睡觉很累	0
休息吧太晚了	1
取消闹钟	1
播放鹿晗时间停了	0
停止预报	0
闭嘴看到没在一起	1
关闭屏幕暂停	0
停止音乐	1
不听了	1
句话休息一下吗	0
闹钟取消	1
暂停杨洋杨洋的外婆	0
休息歇一会儿啊安静	1
是啊你休息吧	1
20分钟后暂停	0
闭嘴吧	1
我不喜欢你休息	0
拿锤子暂停	0
怎么停了	1
关闭歌曲	1
休息耳朵	0
暂停中国英语报	0
停止讲故事吧	0
关闭播放	1
暂停吵死了	1
小兔从来都不休息	0
休息关机吧	0
半个小时后暂停	0
暂停倒计时	0
放三个停了	0
你休息一会儿好吗小度小度	0
停止谜语	0
你休息好了没有	0
听	1
别放了	1
能把百变马丁暂停一下吗	0
暂停米奇老鼠	0
大你自己休息了	0
休息一下半年	0
那么快就停了	0
停暂停暂停暂停暂停	1
别说了快睡觉	1
把歌关了	1
你打错了退下	0
我上个厕所就回来先暂停	1
你下去休息一会吧	0
休息啦	1
取消闹钟	1
张志午休息吧	0
休息老歌	0
停止音乐永远不要唱	1
声音小一点不停了吧	0
关闭屏幕暂停	0
休息吧好吵	1
取消播放	1
你休息会儿吧关闭啊	0
1小时后停止	0
暂停控制电视关灯	0
把歌单暂停	0
关闭关闭	1
不听了	1
停止的英语	0
暂停今天上海的空气质量	0
歇会儿吧歇会儿吧休息一会儿歌	0
暂停明天天气	0
我不想听了	1
暂停猪猪侠	0
停了是不是	0
我在吃饭一会再聊歇会儿	0
播放这个休息	0
休息别听我不听别废话	1
暂停银行在哪里啊	0
暂停万万岁	0
别放了	1
停一下小度在干啥	0
停止的意思是什么	0
休息手机啊	0
休息想休息	1
把音乐关了	1
闭嘴小兔子乖乖	0
休息休息	1
关了吧	1
你去休息吧	1
你去休息吧	1
休息几点	0
停下来	1
今天休息	0
我妈妈让你闭嘴	1
我问你你为什么这么笨暂停有一百个心呀	0
停止多少点	0
停止聊天	0
那个是不是在等你们休息够了已经	0
停止的传奇	0
停下来一下下	0
暂停恐龙长羽毛吗	0
停止挪威挪威回来后就出门	0
不要再唱了	1
关了吧	1
休息一下晚安	1
30分钟停止	0
别放了	1
关了吧	1
闭嘴爱吧	1
暂停就是不说话	0
音乐关闭	1
闭嘴爱吧	1
停止个世界	0
音乐停止早晨吃了	0
去休息吧	1
结束	1
让猫咪去休息	0
别放了	1
停停停公鸡的叫声	0
提醒我15分钟后停止电视	0
停止歌曲	1
暂停我要看泰罗奥特曼	0
不听了	1
退下下次提醒时候告诉他是啥	0
消停了什么呀	0
开车停止	1
暂停姐姐要出门了	1
把音乐关掉	1
闭嘴英文怎么说	0
你需不需要休息	0
返回主页暂停歌曲	1
休息休息吧	1
你怎么会让你停止闹钟	0
暂停放张学友的伤海	0
好了你闭嘴吧看着它流血	0
关音乐	1
暂停第4季	0
不好停止不要谈了	1
今天休息好了吗	0
我们正规的还是什么休息了	0
1个小时后停止	0
音量休息一下	1
杨小王休息	0
关掉音箱	1
你休息吧你唱个小苹果咯	0
闭嘴的英语怎么说	0
关闭音箱	1
给我闭嘴	1
引导休息	0
关闭播放	1
你休息	1
暂停泰迪是什么样子的	0
40分钟以后闭嘴	0
嗯你可不可以在九点休息啊	0
休息了小孩睡觉了你也休息吧	1
停一下怎么啦	0
停止塔我要用骑士卡	0
退出播放	1
休息吧胃等着了	1
停止取经的洗的不多回来	0
停止运行	0
暂停ol v e什么意思	0
暂停知否知否	0
谢谢你你去休息吧	1
小时候休息	0
停止计时	0
你想休息吗	0
闭嘴怎么说	0
音量停了	0
暂停歌曲橘子香水	0
停下来关机	0
关闭闭	1
你关机吧早点休息	0
不唱了	1
停掉	1
听啥休息了	0
暂停1分钟	0
今天休息	0
停止绿色	0
静音休息	1
停止关机	0
休息休息一会然后然后	1
放新浪你闭嘴	0
休息休息一会儿你看一下这个	1
休息端午节来历	0
停止吧	1
停了吧	1
不要唱了	1
哪个休息	0
暂停1小时	0
休息了我要去赚钱了	1
退下明天什么天气啊	0
停止qq歌	0
张鑫休息	0
休息爽啦一抬头面了五月出去买菜了啊	0
嗯休息吧	1
把音乐关了	1
放刘浩的歌曲10分钟之后暂停	0
休息一下小度	1
说出来停止音乐	0
放一个停止	0
休息一会我去上学呀	0
音乐停止	1
我们上班去啊你休息吧	0
暂停一遍刚才那首歌	0
暂停吧他不起床	0
给他去休息	0
半个小时后闭嘴	0
暂停男人不在这儿我们看看	0
把音乐关了	1
歇会儿吧累了	1
暂停新年快乐	0
暂停嘎嘎嘎嘎	0
休息啦	1
你媳妇了吗休息了吗	0
休息在太阳岛上	0
让他休息一会	0
你想休息一下吗	0
别放了	1
小猪佩奇视频停止	0
机顶盒暂停	0
放葫芦娃停下来	1
咱们休息一会吧	1
我说暂停休息的时候你为什么不回答我	0
手机停止程序	0
暂停怎么啦	0
暂停鬼鬼的预警和木材都虚透了	0
没有闭嘴	0
暂停要去刷牙啦	0
咱们谜语不猜了休息了	0
休息了干嘛呀	0
1个小时后休息	0
你一个人在家你休息了	0
音乐关了	1
休息会什么	0
关上	1
九点半关屏幕休息	0
请关闭	1
关闭关闭	1
放贺一航的原来暂停你内心不是我	0
取消闹钟	1
停止关机	0
好了我很满意了赶紧退下	0
一直停止不知道	0
不要唱了	1
休息休息吧你太累了	1
关机歇会儿20分钟就得休息	0
别说话	1
停止歌曲	1
休息一下起床了	0
休息播放我的收藏夹	0
取消闹钟	1
静音休息	1
休息会儿吧你该睡觉了	1
停掉	1
百分之暂停	1
暂停回家空调打开	0
暂停声音小一点	0
歇会儿待会儿再看	1
暂停青蛙王子怎么不讲啦	0
播放50分钟以后停止	0
还在哪你不休息啊	0
怎么不放了	1
结束	1
停止关机	0
下去退下	1
别放了	1
不要唱	1
停止播放音乐	1
别播了	1
你休息吧小度	1
停止停止	1
几天停了怎么办	0
你唱起来就不知道停了呢	0
我要休息了	1
停止音乐	1
休息睡觉	1
不休息我生气了	0
暂停今天天气怎么样	0
停止吧我要去上班了	1
完了5分钟闭嘴	0
关音乐	1
闭嘴爱吧	1
壁纸闭嘴	0
暂停今天nba10佳球	0
百变怎么停止啊	0
闭嘴是什么意思	0
取消	1
退出音乐	1
喜娘停止牙关于什么成语	0
奖励1小时就停了	0
暂停闪亮的散	0
声音小一些暂停	0
20分钟闭嘴	0
十分之后10分钟以后停止播放	0
当前的语音暂停	1
你休息吧宝宝也要睡觉了啊	1
暂停弟子规	0
暂停干什么快点小说	0
休息几天用英语怎么说	0
暂停刘德华说脱光更喜欢	0
停止干啥呢	0
停止通话	0
的忘了休息了	0
你休息一下吧	1
怎么停了	1
闭嘴是我的吗	0
好好休息休息休歇一会儿	1
调成暗灯我要休息	1
停止计时	0
停止拉瓶子捞瓶子	0
休息啊	1
退出音乐	1
关了吧	1
声音小度小度暂停暂停	0
暂停返回儿童模式	0
停止我操	0
休息一下关机	0
不唱了	1
休息几	0
暂停关掉小视频	0
明天休息了	0
休息吧我走了拜拜	1
30分钟以后暂停	0
暂停放一首轻音乐	0
怎么停了	1
把音乐关了	1
关闭关闭	1
暂停秦风再见那个电视剧	0
小度你休息吧我们在看电视	1
声音调到暂停	0
停止今天	0
停止吧	1
暂停早上好	0
休息吧一起玩	0
休息妈妈听	0
停下	1
不要放了	1
我求你闭嘴	1
不要放了	1
休息轻音乐	0
度小度停止	1
休息的收费标准是多少	0
不想听了	1
停止暂停播放姥姥吃声音那个沙滩	0
别放了	1
播放两个小时暂停	0
暂停回来了吗	0
暂停期间故事	0
休息的衣服	0
拜拜早点休息	1
邓闭嘴你个蠢猪	0
休息啦	1
就跟闭嘴小度	1
暂停几天就考试	0
暂停了晚上	0
闭嘴西海情歌	0
放完这个停了	1
不听了	1
我们要下楼了你要暂停吧	1
怎么停了	1
你停止monday	0
暂停难忘的战斗	0
休息就休息	0
白天休息	0
放一首园长暂停类型的步数	0
停下来这不是那首歌	1
停下来关机	0
不停止跳舞	0
停止骆驼	0
关闭吧	1
休息啊	1
妈妈请休息	1
你做啊你那你忙不忙啊休息一会吧	0
下班了休息了	0
小度可以停下来吗	1
关了吧	1
返回主页并把歌曲暂停	1
放这个休息	0
我不听了	1
闭嘴九局	1
暂停内心的人不是我	0
关了笨蛋你关了吧	1
暂停姥爷的爷怎么写	0
休息吧吵死了	1
停下来关机	0
歇会儿吧睡会觉吧	1
声音小一点暂停	0
你睡觉吧	1
听下一个暂停	0
你去休息吧我要睡觉了	1
停下来	1
停止现在什么时候了	0
关上	1
休息一下吧	1
休息吃饭了	0
别放了	1
停止闹钟提醒	0
星期六休息了	0
暂停格音量调到九十	0
把自己关了吧我要睡觉了	1
停止计时	0
暂停王的兄弟继续	0
闭嘴闭嘴	1
暂停你会说四川话吗	0
我叫你停止你是不是耳朵聋	0
暂停什么玩意儿乱七八糟的	0
暂停放个玫瑰花	0
休息喽瓦	0
停止开始	0
休息1分钟啊	0
休息不舒服	0
音乐暂停	1
早点休息	0
休息那就	0
我要睡觉了暂停	1
不听了	1
停止读书	0
那我去休息了	0
今天休息	0
你今年就给我暂停	0
停止值多少是几点了	0
暂停小度声音调到50%	0
点休息吧	0
不	1
不要唱了	1
停了	1
小度停了这个	1
停止这首歌现在立刻关机	0
唱一首休息了雷锋好榜样唱一个歌吧	0
暂停声音调60%	0
别说话了	1
你今天休息了	0
嗯停止	1
下个周六休息	0
让王小龙休息一会	0
闭嘴英文怎么说	0
请关闭	1
王者荣耀暂停	0
你休息一下	1
阿休息休息	1
关了吧	1
暂停我要看动画电影	0
不唱了	1
不要放了	1
休息一下唱个好听点的	0
休息了我们出去了啊	1
暂停唐诗三百首	0
休息一下提醒	0
天气休息	0
彻底休息	1
你休息了啊拜拜	0
我要睡觉了你要暂停吗	0
休息休息	1
休息会儿吧烦死了	1
你辛苦啦休息一会儿吧	1
我喊你关机呢暂停你去休息吧	0
你休息去	1
退出播放	1
唱一首暂停的故事	0
不要放了	1
暂停巴巴爸爸爸	0
10分钟小度停止	0
暂停水星记	0
停止清明上河图	0
不要放了	1
关了吧关机	0
停止吧	1
停止模式	0
我要休息了停了	1
如果现在暂停一下一会儿还能继续吗	0
不要唱了	1
关	1
停止音乐	1
休休息	1
停止玩具动画片第三	0
唱一首奖金休息间没有你呀	0
暂停奶奶哭	0
你好休息了	0
不要唱了	1
暂停吧睡觉了快点	1
暂停倒计时	0
停止音乐	1
害怕闭嘴	0
把故事停下来暂停	0
把音乐关了	1
多多休息一会	1
你休息吧	1
半个小时后暂停	0
取消	1
紧急休息准备睡觉	1
你又不休息我为啥干着点活我就累了要休息	0
退出音乐	1
呼叫休息吧	0
猪猪关暂停	0
休息一会儿歌	1
暂停音量调到一百	0
停止了	1
暂停以后不要再九点叫了	0
休息啦	1
暂停第2个	0
休息会儿暂停	1
30分钟后停了	0
停了吧qq	0
你他妈给我住嘴别叫了	1
暂停关闭屏幕	0
停止倒计时	0
结束	1
休息一会儿吓人	0
停止吧停吧停声音六十	0
暂停我要看搞笑视频	0
关闭关闭	1
停止我告诉你这个这个什么这个	0
不要唱了	1
暂停味道的主题曲	0
暂停海底小纵队	0
或者手机干嘛暂停	0
稍微休息一下吧	1
停止播放音乐	1
去休息吧	1
闭嘴吧	1
休息一下吵到我的电视	0
听懂休息一下意思	0
中间休息对呀	0
闭嘴爱吧	1
暂停早上好	0
你休息姐姐	0
取消	1
你休息一下	1
闭嘴嘴	1
休息好啦	0
声音休息	0
你早点休息吧拜拜	1
关音乐	1
暂停国际新闻	0
休息会儿吧	1
闹钟取消	1
别说了我愿意全一天后你就会进垃圾桶	0
半个小时停止	0
关了吧关了屏幕	0
取消闹钟	1
暂停帮我放一首老师傻逼	0
静音休息	1
暂停不好听	1
15分钟后暂停	0
退出来	1
播放要休息飞侠	0
1个小时以后停止	0
停啊	1
唉怎么闭嘴呀	0
暂停你干嘛呀英语咋	0
停了	1
明天休息	0
这首歌停止	1
取消闹钟	1
小乖乖暂停	1
该休息二半夜了	0
取消播放	1
你妈逼闭嘴	1
嗯关闭	1
屏幕停止	0
休息睡觉吧	1
你休息好了没有	0
退下歌曲有什么	0
让我休息的话就是	0
暂停会我去洗洗手	0
不用	1
你闭嘴	1
结束	1
暂停未来future future未来	0
闭嘴爱吧	1
暂停暂停一个小雨	0
你睡觉了	1
关了吧	1
停止白龙马	0
休息回来	0
不要播放了	1
停止呼吸	0
音量休息一下	1
暂停我要看恐怖片	0
5分钟后停止音乐	0
暂停英语视频	0
关闭播放	1
闭嘴英语怎么说	0
关了吧太扯了	1
别放了	1
暂停快乐舞步健身操	0
停止下载	0
暂停今天上午9点30的闹钟	0
暂停说的这个话	0
退役休息的公司场	0
休息一会儿阿姨睡觉了	1
休息吧小度	1
暂停明天天气怎么样啊	0
音量休息一下	1
等会儿等会儿等暂停	0
停止再说话	0
早休息	0
把音乐关了	1
你休息好了吗	0
休息啊	1
退下宝宝哭了	0
你休息吧	1
休息一下吧	1
停止一只哈巴狗	0
停了咋整	0
闭嘴躺下来看书	0
不是休息吧	1
暂停任务中心	0
你休息会儿我看你好累啊	0
暂停小刺猬要不要洗澡	0
休息模式	0
别说话	1
停止音乐	1
休息区	0
30分钟停止	0
休息干嘛要带	0
让奥特曼休息	0
暂停奥特曼	0
暂停我不要闹钟了	0
暂停几个月开始	0
闭嘴用英语怎么说	0
快关了吧睡觉了	0
今天我休息	0
退下跪安吧	0
暂停唱一段豫剧	0
把歌关掉	1
我上班去了你休息吧	1
唱歌停止音乐	0
30分钟以后停止音乐	0
你累了去休息吧	1
把大江大河停了	0
休息了休息好	1
停止提醒	0
暂停停你是个没用的家伙	0
广场快点休息吧	0
暂停请放一首独自在暴风雨中	0
停了	1
休息怎么了	0
休息休息	1
暂停为什么	0
休息休息	1
闭嘴放一首改革春风吹满地	0
钢铁侠暂停	0
暂停电视剧	1
暂停想看什么	0
我出门了暂停	1
不唱了	1
不要播放了	1
30分钟后停止	0
你休息一下吧	1
退出播放	1
把音乐关掉	1
好了你休息吧我要出去了	1
休息睡觉	1
暂停小鸭子二十	0
我们城里人要休息睡觉勒	0
三退下吧	0
闭嘴英语	0
休息一下关机	0
我要停止情况怎样	0
别放歌了	1
停宝宝停止	0
请给你休息65集	0
什么停止音乐	0
停止计时	0
暂停不好听	1
不要播放了	1
我们要睡觉啦你闭嘴	1
暂停开启洋洋	0
暂停明天上午七点半叫我起床	0
5分钟后停止	0
停下来音量降到50%	0
暂停关闭屏幕	0
林闭嘴	0
你别小度小度你暂停一下	1
关了吧	1
关关闭	1
让乒乓球休息吧	0
放一下十一号停止啊	0
半个小时后自动停止	0
叫你休息了	1
随便停止什么你唱	0
暂停今天没有大风	0
停止面条	0
你去休息吧	1
你先休息一会儿让我看会电视吧	1
三号休息	0
关机关机不了关机他不是说自己关机不休息的话	0
给我们暂停放一首儿歌	0
暂停我是你儿子	0
反而把歌曲停一下	1
暂停播放奔跑吧兄弟第2季	0
不要放了	1
现在休息啊等一会叫你啊	0
停止打开脑子急转弯	0
提醒我明天妈妈休息	0
取消	1
停暂停	1
我想听休息	0
声音关暂停一下	0
关闭歌曲	1
暂停小度小度开放	0
停止电池电量100%	0
休息一会待会儿接着讲	1
休息会儿吧睡觉吧关机	0
暂停了我们站在那儿	0
听	1
暂停到如此	0
你好好九休息	0
暂停天之白蛇传奇	0
播放好听休息吧	0
暂停下一曲妈妈	0
播放王广告之后暂停	0
把音乐关掉	1
休息小度	1
半个小时后自动暂停	0
那个大饺子就叫休息	0
再见休息	1
李婉宁是谁暂停	0
十二点自己退下	0
18点20叫我暂停	0
怎么停了	1
熊猫闭嘴图片	0
暂停我们要上学了	0
停下	1
3小时后提醒我休息	0
暂停寻找前世之旅	0
你休息一下吧和我	0
取消	1
小度暂停停给我放小猪佩奇	0
暂停有没有高中课程	0
请播放准备休息了	0
请停止播放	1
停下来	1
别放了	1
暂停咱们去	0
停下	1
停止定时	0
今天休息了	0
暂停别闹了	1
暂停现在不打电话	0
植物大战僵尸休息吧	0
暂停说什么	0
停止计时	0
退出吧	1
停止我懂了	0
休息休息	1
休息一个晚上七点的闹钟	0
停止不要放音	0
请停止播放	1
休息休眠休眠	1
不要放歌了	1
休息一下什么	0
qq以停止	0
音乐关掉	1
结束播放	1
你看休息吧	0
停止攻略	0
暂停单曲循环	0
闭嘴关机	0
你睡觉吧	1
停止我可以抖音给你	0
我不想听了	1
你认识我是谁休息	0
不要讲了闭嘴	1
休息一下哟	1
你给我闭嘴加减给我	0
请关闭	1
我现在我现在在吃饭休息一会好吗	0
睡眠故事先停一下	0
暂停唱一首骗自己	0
停止山歌音乐	0
放首闭嘴	0
怎么停了	1
休息会儿吧	1
没有音量暂停	0
暂停音乐小燕子	0
写到哪里休息	0
停止音乐	1
你说谁休息	0
闭嘴音量调到五十	0
你休息一会儿歌视频	0
终于要休息了	0
停了吧先睡觉吗	0
可以在15分钟后停止吗	0
取消闹钟	1
暂停呼叫电话	0
暂停退出主屏幕	0
行了休息	1
不唱了	1
放个别的歌请停止	0
停止播放音乐	1
暂停声音大一点更大更大	0
哦对不对先暂停	1
暂停电视剧	1
休息会吧休息息一会儿	1
别讲了休息会儿吧停了吧	1
我知道了休息一会吧计时30分钟	0
现在停一下一会我们就回来	1
你给我休息10分钟好不好	0
不要放歌	1
把音乐关掉	1
休息吧累了	1
暂停我要看小悠玩具	0
休息吧唱个好听点的歌	0
你去休息吧	1
暂停啊我要看儿歌	0
算了吧你休息吧	1
暂停一下信仰要吃完再看暂停	0
暂停游戏再见游戏	0
播放瑜珈放松休息术	0
推上停了不要停了	0
暂停短视频	0
不用了	1
20分钟后停止关闭哦	0
退出休息模式	0
暂停好看的片	0
暂停返回页面	1
你休息吧	1
暂停唱首小燕子	0
退下给我说一个	0
睡觉停止	1
不要放歌了	1
暂停歌曲	1
请退出	1
休息水果	0
我休息关机	0
把你的嘴巴放在嘴头闭嘴	0
关闭闹钟	1
音乐暂停	1
声音嗯嗯休息吧	0
暂停低音量	0
播放时间停了	0
继续休息吧	1
天气吧休息	0
暂停健康愉快的歌	0
随机休息	0
你吃饭了停了	0
怎么不唱歌了	1
请关闭	1
休息小度	1
停止我怎么能挂上你闹钟	0
休息广播中央新闻	0
休息关机	0
没事闭嘴	1
退出吧	1
不要暂停开始讲	0
我要唱歌在家里休息	0
好了没事了可以休息了	1
暂停想看叶罗丽免费	0
暂停天涯把菜吃了	0
停止父亲之情	0
暂停再就是对不起	0
怎么不放歌了	1
嗯休息	1
静音休息	1
停止度来一首睡前的歌手	0
大点声暂停	0
休息别再叫了	1
音乐关掉	1
停止唤醒	0
介绍儿童暂停	0
取消闹钟	1
音量休息一下	1
暂停唱豫剧吗	0
闭嘴换一个故事	0
嗯可以了停下来我们知道了起床了	1
今天休息	0
你给我把电视关了吧	0
休息歇一会儿吧	1
别说了不行	1
暂停我这么远也行	0
暂停声音再最好看的少儿电视剧	0
休息呢老王	0
停止邓丽君的歌	0
暂停明天早上八点钟提醒我起床	0
下一集暂停	0
暂停我要看小猪佩奇	0
关了吧我要走啦	1
暂停来一首光年之外	0
暂停开始游戏	0
今天我休息	0
你休息吧	1
休息吧我们要走啦	1
放偶像闭嘴	0
把音乐关了	1
关了吧	1
艺术月休息	0
停下	1
停呢	1
音乐休息早早	0
不听了	1
暂停不想听你唱一首歌	0
提醒我1个小时后休息	0
关掉吧	1
我要听她让你休息	0
暂停放第2个	0
暂停改名改名	0
我不听了	1
暂停小故事	0
你先暂停打电话	1
关闭屏幕暂停	0
停停我的宝宝睡觉听你停一下哈	1
暂停关闭屏幕	0
小度你冷静一点暂停	1
停止计时	0
15分钟后暂停	0
暂停打开汪汪队	0
停下来	1
休息的那么认真	0
暂停暂停下载给你看看	0
我跟你说过我为什么要休息	0
你不休息一下吗	0
停了	1
休息吧美女	0
我到啦休息93	0
把闹钟给停了	0
暂停唱一个我们一起什么叫	0
你把蓝牙关了吧	0
暂停我想看视频歌曲好宝宝	0
停止明天天气	0
暂停我那个学校爸爸	0
暂停你会做作业吧	0
停下来不要走	1
我要听大苹果我这个暂停小朋友们都爱你	0
停暂停水晶球	0
爸爸退下吧	1
没叫你小度休息吧	1
我走了你休息吧	1
休息洗澡	0
闭嘴吧	1
暂停今天天气怎么样	0
暂停东西起来	0
停止吧	1
去你妈妈暂停	1
爱奇艺暂停	0
退出播放	1
停止小一点音量	0
休息歇一会儿吧休息一会	1
暂停并关机	0
母鸡一下暂停叫声	0
请10分钟后停止	0
关掉吧	1
半个小时之后自动停止播放	0
别唱	1
几点休息	0
停止讲故事	0
不用	1
暂停小猪佩奇	0
15分钟后自动停止	0
半个小时候音乐暂停	0
请暂停我要听姥姥打视频电话	0
暂停怎么来打个牌	0
打开休息一会	1
暂停退出投屏	1
嗯暂停的爱情码头啊	0
暂停小度超级飞侠	0
请下一集暂停	0
暂停小度的英语怎么说	0
关机遥控车暂停	0
10分钟以后你休息一下	0
音乐停止	1
播放广播怎么停了	0
没事儿退下吧	1
我让你别说了你为啥还刷	0
我吃火锅你闭嘴	0
把音乐关掉	1
请停	1
一个充电和休息	0
半个小时后暂停	0
20分钟后自动停止	0
停止调到五十	0
关	1
歇会儿再播放	0
提醒我晚上十一点休息	0
半个小时以后暂停	0
来一个儿歌给我暂停	0
有点儿休息吧	0
提醒我明天妈妈休息	0
停止音乐	1
我应该休息了	0
等到半个小时后就停止播放	0
暂停新年的年怎么写	0
推荐吧退下吧	0
暂停往前一点	0
停止播放音乐	1
闭嘴来一首dj	0
暂停那个噪音	0
今天的天气是六休息31休息	0
暂停是什么	0
休息就是长颈鹿	0
闭嘴英语怎么说	0
5分钟后暂停	0
你暂停我听有人敲门	0
暂停讲故事	0
你很讨厌闭嘴	1
退出播放	1
暂停5分钟	0
休息睡觉老的	0
音乐关掉	1
闭嘴你想看什么	0
死的时候暂停	0
暂停唱山谷里的思念	0
让你休息了昨天还说我	0
不要唱	1
停止再见	0
休息休息吵死了	1
闭嘴嘴	1
1个小时后停止	0
暂停不要回答你好吗	0
我到处打扑克的终结我找了好久都没有休息	0
暂停你怎么看	0
暂停概念时间到了	0
休息休息	1
放屁的声音一直放不停下来	0
暂停中央一台	0
姐姐给你说那个姐姐你别说了什么好不好	0
音乐关掉	1
原来暂停你内心的不是我	0
休息回来	0
暂停沙漠骆驼	0
别说了太烦了	1
我没说这个你先休息我们去耍了	1
关音乐	1
邓丽君谁叫你停止	0
不要放歌了	1
暂停今天天气怎么样	0
我想听休息吧	0
暂停要不要	0
你休息一下	1
播放半个小时后退下	0
明天休息吗	0
休息个粑粑扫墓	0
停呢	1
停止打开斗兽棋	0
暂停明天什么天气	0
你需要休息吗	0
他让你闭嘴你闭嘴吗	0
你休息一会那个还没有电池里的	0
叫你休息了	1
故事讲完了就别讲了我要吃我要休息了	0
请休息	1
别放了	1
暂停我要看爱情公寓	0
不要放了	1
停啊	1
叫你休息会一神经病	1
取休息	0
领导说暂停	0
播放10分钟暂停	0
休息睡觉	1
暂停你有没有内存呢	0
休息吧我对你很不满意	0
关了吧	1
你在家里休息好不好	0
停啊	1
别说话了	1
退下睡觉	0
暂停小声一点	0
我要休息了	1
暂停一个吧暂停一个吧	0
10分钟之后暂停	0
暂停大娶亲	0
怎么又停了	0
你要休息一下吧这样子就是你你的力度不行的	0
暂停为什么离开	0
我要休息了你挂了吧	0
别唱	1
别放了	1
音乐怎么停了	0
你为什么还没休息	0
怎么停了	1
1分钟后停停暂停	0
停止音乐	1
休歇一会儿暂停	1
让你休息为什么不答应我	0
停止音乐	1
不想听了	1
暂停歌曲	1
播放休息绘本故事	0
休息就说	0
20分钟后暂停	0
请关掉	1
音乐关掉	1
听这一个停止	0
关	1
别放了	1
两分钟后暂停	0
请关闭	1
暂停这是家庭作业	0
停止几点了	0
停停止播放	1
暂停为什么	0
休息一下干什么	0
暂停西游记	0
我听不懂别说了	1
停了吧关机	0
放一首歌闭嘴蔡山	0
不说了	1
改一下智商别说了	0
暂停该怎么读	0
不唱了	1
暂停他不爱我	0
暂停怎么了	0
停了宝贝	0
暂停我唱个小苹果呗	0
闭嘴18990084417	0
唉你休息一下	1
音乐停止	1
下一个蓝精灵的故事暂停	0
我要去吃早餐了你休息一下吧	1
不要说话	1
暂停再升高升高音量	0
闭嘴就好	1
休息关机吧	0
闭嘴爱情	0
取消闹铃	1
关闭音箱	1
停止一切活动	1
你可以休息了晚安	1
没清楚没听清楚暂停重新播放	0
把音乐关掉	1
取消闹钟	1
小度停止成都	0
暂停101点三吧	0
想休息一下关机啊	0
休息我们上班去了	0
暂停词汇乐园	0
把音乐关了	1
唱累了休息吧	1
我不想听	1
不听了	1
停掉	1
关了吧	1
暂停我想听看我们的少年时代	0
你还没有休息啊	0
停停停太难听了薛之谦谦	0
休息吧晚安	1
别唱	1
闭嘴是什么意思	0
请关闭	1
五点的时候提醒我停止写作业	0
暂停第二次	0
你闭嘴的英文	0
停止服务闹钟	0
休息怎么办	0
暂停芭比公主	0
12分钟后闭嘴	0
停了	1
搜休息一下	0
休息一会吧儿子	1
那么停了休息吧	1
停止的近义词是什么	0
老板说停一下我打个电话	0
请休息	1
播放卫兰飞唱了休息一下	0
闭嘴你认识5分钟没有1分钟合格啊	0
你有休息时间吗	0
暂停大声点	0
暂停并出血新闻闻	0
休息一下吵死了	1
再度小猪暂停暂停暂停暂停暂停	0
暂停调到妹妹坐船头	0
不要唱了	1
停止你给我拿本书来	0
我想休息大鱼机器吧	0
30分钟之后停止	0
天气停止	0
睡觉了好休息了	0
听	1
停止来的尾巴	0
暂停聊天不要唱	0
闭嘴爱吧	1
关掉停止视频播放	0
呼叫我的身体我要暂停暂停暂停	0
暂停吵死了	1
暂停为什么这么长	0
闭嘴爱吧	1
读一首休息	0
暂停吧我不喜欢听这首歌了	1
退出退出	1
我不跟你聊了我累了我想休息	0
休息音量	1
暂停十点读书	0
15分钟后暂停	0
把音乐关了	1
休息吧休息吧不是	1
休息去吧	1
取消闹钟	1
停下来	1
自己注意休息	0
停了不是这个	0
暂停我给伟祺	0
暂停有没有五百块钱	0
关了吧	1
嗯关闭	1
暂停怎么休息几年级	0
我休息播放一首张艺兴的she	0
休息烦不烦	0
停止回家看看	0
谢谢吧休息睡觉吧	1
小丽你休息一下	0
休息会	1
取消	1
暂停饼怎么做	0
停止吧	1
暂停小度小度	1
播放今天新闻休息一会	0
停一下让你休息	1
休息休息	1
stop	1
暂停播放琅琊榜之风起长林	0
我就不深圳了你休息休息吧	0
我吃饭了你休息一会吧	1
暂停真的很讨厌你	0
对他说让你休息休息	0
暂停为什么	0
暂停百万个可能	0
1个小时后停止	0
休息一下吧	1
结束	1
天猫精灵停止	1
你去休息吧	1
暂停半个小时	0
停止玩游戏	0
休息一下吧	1
暂停大王叫我来巡山	0
不让你休息关机	0
关闭闹钟	1
停了关机	0
放小停止	0
不要说话了	1
啊休息一会再唱吧	1
停掉吧	1
不听了	1
取消闹钟	1
哎你好好休息	1
暂停凡之路	0
你休息了毛病	0
没事休息吧	1
暂停刘和刚父亲的歌曲	0
你先休息会儿歇会儿我再叫你啊	0
休息吧明天还要停	0
闭嘴爱吧	1
下一条新闻暂停新闻	0
休息快来看	0
音乐停止	1
休休息	1
换个喜剧片停止	0
十九八七现暂停	0
休息下一首	0
取消闹钟	1
休息好了吗	0
半个小时后暂停	0
今天休息	0
唱完这首歌以后停止	0
暂停几点了	1
声音休息一下	0
你好好休息吧	0
20分钟后停止	0
跟你妈去休息一下吧	0
播放停止	1
暂停我刚给你视频的什么东西	0
暂停休息	1
停呢	1
行歇会儿吧	1
10分钟后暂停	0
音乐关掉	1
播放声音调到音量暂停暂停	0
把音乐关了	1
音乐关掉	1
暂停你可以搜索儿童看的电视吗	0
暂停你以为那些拼音念一遍吗	0
晚上十二点暂停	0
停止过吃鸡	0
停止停止收大度	0
你休息一下	1
声音小一点暂停	0
太累了快休息吧睡觉吧	1
休息欢干嘛啊	0
不了解了暂停	1
退出吧	1
取消闹铃	1
停止放歌	1
闭嘴闭嘴	1
暂停abc c视频	0
闭嘴音量调到最高	0
关机关机休息我出去了	0
暂停止关闭	0
15分钟以后暂停	0
暂停关闭屏幕	0
现在我们吃饭去了休息一下	0
暂停水乳液	0
暂停下楼散步	0
不唱了	1
放个屁休息一下	0
停止到太谷秧歌苦丁丁	0
暂停要出去了	0
停下来ok	0
退出播放	1
休息一下的英文	0
停下来	1
别放了	1
你休息一下	1
休息一会不好吗	0
怎么停了	1
停止计时	0
休眠休息	0
停止校园笑话	0
停止3点10分	0
暂停宝宝巴士播放小毛驴	0
现暂停播放等我回来再播放我去取快递	0
退出来呀	1
那你休息一下吧我马上睡觉了	0
暂停小金刚	0
你明天休息季有多少集	0
不听了别唱了	1
给给我播放其他的而且停止	0
怎么不讲了	1
暂停和两口子怎么喜欢喝两口再合理一般	0
今天退下吧	0
闭嘴王子的	0
关闭一下安静一下暂停	0
不要说话了	1
暂停播放早上播放穿越言情小说	0
求退下吧	0
休息老师讲故事	0
把音乐停了关掉	1
小度啊停一下停一下关机关机	0
说要睡觉了别说了	0
暂停tfboys	0
休息小度	1
暂停有关台湾香港澳门的历史	0
因为还不知道休息	0
暂停或者退出	0
把音乐关掉	1
休息歇一会儿吧	1
我要听唱歌了你休息一下吧	0
没事你闭嘴	1
放歌六点钟就停止	0
暂停一个小女孩的歌	0
闭嘴首歌	0
闭嘴打开	0
停止的声音	0
别说了下班了	0
暂停你内心的不是我	0
请关闭	1
明天找你休息吧	0
暂停一下暂停关机	0
今天是星期天今天放假了你休息吧	0
原来暂停你内心的不是我	0
为什么停了	1
停止音乐	1
我家满了充填暂停	0
暂停小苹果	0
声音休息	0
休息休息要上班还我在有	1
暂停我手机关水	0
暂停我想带你去旅行	0
停止音乐播放	1
没事儿了停止吧	1
把声音关了吧	0
不听	1
停止唱歌	1
暂停不洗手对不对	0
播放一个停止	0
我要休息了停了吧	1
音乐停止	1
别说话了	1
停止吧	1
你停止家庭相册	0
怎么不唱啊	1
30分钟后暂停	0
歌曲停止的你的在干嘛呀	0
休息吧我出门了	1
休息吧小度	1
去休息一下	1
声音休息	0
换一首唉休息一下	0
别说话了	1
关闭嘴	1
停止了	1
停止播放音乐	1
关掉音箱	1
好的那你赶紧给我去休息	1
关音乐	1
闭嘴个聋子	1
停止播放音乐	1
别说话了	1
想听休息一会	0
暂停中国平安	0
休息回来	0
不要放音乐	1
你好烦人赶紧暂停吧	0
再见休息	1
暂停说着我都听不懂	0
暂停还有一个是谁	0
暂停咱俩你说	0
算了闭嘴	1
不想退下吧	1
唱个暂停的季节更想你	0
闹钟取消	1
6点30分停止	0
关掉闹钟	1
为什么视频暂停了	0
闭嘴放个屁闭嘴	0
停止看小猪佩奇	0
停止吧	1
别说话了	1
停止小圈	0
闭嘴怎么办	0
播放10分钟停止	0
闭嘴英雄	1
把偏偏这个停停了	1
暂停小度你可以回家了	1
关闭歌曲	1
你睡觉吧	1
停止是否	0
把音乐停了	1
音乐停	1
暂停50分钟然后就睡觉	0
让宠物休息	0
说暂停一下暂停一下	1
不要放音乐	1
儿童停了	0
音乐暂停	1
你休息好了吗	0
休息吧小度	1
暂停肆无忌惮	0
李白还要休息	0
音乐暂停	1
不听了	1
白色不不停了音乐音乐播放了	0
暂停你大声一点	0
暂停一遍再发一个银河	0
别放了	1
小朋友要休息	0
关闭闹钟	1
不听了	1
不要放了	1
暂停世纪战场	0
暂停我觉得今天有点冷	0
别放了	1
暂停a是什么人	0
停止播放音乐	1
播放下一集休息	0
休息一天	0
暂停多多的爱唱歌歌啊	0
不是小度小度退下休息	1
停止音乐	1
请暂停暂停别听那个的话	1
你别说了我想听张碧晨	0
休息1分钟	0
唱一首暂停暂停干什么	0
别废话了休息	1
今天你休息会吧我等会儿回去	0
暂停小猪佩奇	0
停止现在气温几度	0
叫你休息一下等一下啊	1
闭嘴吧	1
暂停几点了	1
说休息一会休息	0
休息了拜拜	1
休息关机了休息了	0
暂停老爹他们要明天五点才能去我们明天	0
奥特休息一会	0
暂停我睡觉了拜拜你关机吧	0
半小时后停止	0
为什么停了电影	0
我该吃中午饭了你能停止一下吗	0
屏幕关机闭嘴	0
关了吧	1
暂停中央四台	0
暂停关掉屏幕	0
妈妈请休息	1
停止音乐	1
你有先知斩赤停一下吧	0
停止歌曲来一首	0
暂停太难听了要不就行	0
把音乐关掉	1
提醒歇会儿	0
停了继续拜拜	0
关掉关掉	1
王者荣耀休息吧休息吧休息休息	0
暂停讲故事	0
播放暂停我正在生视频	0
你也累了请你休息一会儿	0
暂停播放一首爆裂飞车的电视	0
你休息会儿吧不聊了	0
音乐关了	1
铃声之后暂停	0
别讲了	1
暂停演唱我感觉有点傻	0
睡觉后鼻子会失灵难道他也休息吗	0
你怎么不听话呀不是让你休息会啊	0
把屏幕停了	0
停止你叫什么名字	0
半个小时后休息	0
把音乐关掉	1
关闭闹钟	1
暂停你说我长得好不好看	0
请勿工作休息	0
你休息一下黑屏关机	0
休息一下我录歌了	0
不要放音乐了	1
关闭闹钟	1
停止止	0
22点30分静音静音休息	0
播放休息开始重新开始	0
暂停音乐傻子	0
暂停请你播放王者荣耀口咒	0
停止音乐	1
暂停我想看萌鸡小队	0
大家乐暂停	0
休息吧小度	1
15分钟后停止	0
暂停打开英文贝瓦儿歌	0
吃饭了还没暂停	0
关掉那个停止	0
放hello暂停	0
奥特曼别说了	0
暂停十一点	0
暂停我要看电视剧豫剧	0
放休息立正站好	0
暂停一个星期吃一顿	0
暂停循环告白气球	0
暂停汪汪队	0
停止七	0
把你开成休息模式	1
12点30分自动暂停	0
那你看着我现在停一下	0
暂停绑定qq账号	0
不要唱了	1
暂停背古诗	0
你先休息歇一会儿	1
暂停小公主	0
休息一下再见	1
小度停止关掉	1
暂停神兽金刚	0
给定顶号上午休息会	0
别放了	1
停暂停	1
那个你休息了没有	0
关机歇会儿吧你睡	0
休歇会儿吧跟你	1
不要听了	1
停止暂停排行榜	0
暂停乐队拜拜	0
不要唱歌	1
暂停请播放珠江频道	0
停止播放音乐	1
不要放音乐	1
停止歌曲你真聪明	0
关闭了	1
就听这一个停了	0
不要放音乐	1
歇会儿那些	0
汪汪休息了	0
停了	1
我不要听了我要休息了	1
暂停到三十	0
关闭吧	1
小度暂停我要这样叫他听到了	0
停了刚才	0
暂停一遍刚才那首	0
停止关机	0
我要休息武功	1
能不能休息休息休息	1
休息实验小学	0
闭嘴汪汪队歌	0
停止音乐	1
不要唱了	1
去休息	1
取消	1
把屏幕关了吧	0
过十五十五分钟后停止	0
给我唱首闭嘴	0
暂停喝不喝汤	0
想要休息找一下苍老师	1
暂停我要看芭比	0
给我休息乖乖睡觉	1
静音休息	1
散了吧退下吧	0
暂停boys的宠爱	0
休息休息	1
暂停和跳舞跳的好不好	0
休息吧再说吧一声了	0
休息了吵死了	1
怎样休息cad	0
不要再唱了	1
你休息一下呗我要出门去啦	1
停止那个	1
停止播放音乐	1
关闭关了吧不要你退回去吧	1
暂停怎么说话	0
停止放歌	1
你睡觉吧	1
暂停10分钟	0
暂停打开神秘花园	0
停止声音	1
播放10分钟后自动暂停	0
把音乐关掉	1
请停	1
暂停景戈小马宝莉	0
晚上啦暂停	1
再过半个小时休息	0
关掉了	1
看退后退下小度小度奥特曼	0
停止吵死了	0
睡觉休息	1
唱首歌qq停止了	0
休息的息怎么写	0
关闭退出	1
别说话	1
暂停枪战9=几	0
上班小度你休息一会吧	1
别放了	1
暂停好没礼貌	0
暂停飞霞珠	0
请停止放黑猫警长	0
暂停天气预报	0
休息小度关掉	1
暂停你要干嘛就行这首歌除了你	0
别放了	1
多休息	0
b d b d暂停	1
关掉关掉	1
唱完最后一个你就休息	0
打电话休息	0
暂停电视声音调大	0
哎呀不用管你暂停	1
暂停主要洗脸刷牙	0
暂停快七点了	0
播放休息睡觉	0
暂停等会儿完了	0
你退下吧	1
暂停啵一个倒数	0
现在开始休息了谁也不要理了	1
我不是说过了吗我说晚安之后你就要停止	0
停止单词怎么读	0
暂停来听这个名字	0
不好你可以退下了小度	1
暂停并返回主页面	0
我去睡觉了等一下你停止歌	1
暂停关电视	0
暂停小度小度	1
暂停爸爸回来了	0
停一下停一下会吗	0
关掉吧	1
你休息一下我要写作业了	1
给我放一首时间停了	0
休息关机	0
暂停吧不早了时间	1
两个小时之后暂停	0
叫他闭嘴	1
暂停没听到吗	0
给我关掉	1
取消闹钟	1
暂停猩球崛起三	0
不要说话	1
暂停音量调到二十	0
不要吵架休息的话	0
停止声音	1
取休息	0
闭嘴永远闭嘴	1
停止啦我要上班去了	0
休息一下我们这一天洗衣服了	0
闭嘴返回首页	0
停一下起床啦	0
暂停关闭飞	0
就好了陪我那么多天暂停	0
暂停你在干什么	0
暂停我继续播放托马斯和他的朋友	0
别暂停继续演	0
暂停新闻联播	0
停止给我放个可以呀	0
半个小时后停止	0
暂停并退出	1
你在休息吗	0
我要休息一下我要睡觉	1
停了	1
20分钟后停止	0
你还没休息	0
休息吧晚安	1
停止播放音乐	1
关机我要休息	0
暂停小度暂停关机	0
不要唱歌了	1
音乐关掉	1
暂停乐高了火了2万块钱啊	0
我们俩休息一天歇会儿行不行	0
把音乐关闭	1
别说话了	1
再来新闻的不播了呢咋停了	0
不要放了	1
你去休息吧	1
休息先走了	0
停唱停了吧	0
休息下一个qq多少	0
停止拨打电话	0
音乐停止	1
音量休息	0
音量休息一下	1
停掉	1
暂停电视剧	1
美国政府汤普停止美国政府工作	0
暂停我要看奥特曼	0
暂停歌曲我要看佩奇	0
暂停你看不来的吧	0
关闭关闭	1
暂停吧我要看电视了	0
你可以休息什么东西呀	0
不好你休息吧	1
暂停电视我来写	0
找个女仔休息	0
就是休息	0
闭嘴爱吧	1
暂停倒计时	0
暂停小度乖	1
我是休息一个	0
停止猜谜	0
小声休息一下	0
qq暂停来看动画片	0
不要播放了	1
真不休息了这24小时你能受得了呀	0
别放了	1
way休息播放我的收藏列表	0
停止的反义词是什么	0
半个小时后停止	0
听新闻歇会儿新闻啊	0
休息吧啊晚安	1
停会儿吧休息一会吧	1
取消播放	1
休息一会唱什么	0
那你生休息我玩火纸飞机	0
暂停返回页面	1
暂停我去玩了啊	0
休息的旧歌	0
北京的停止一百	0
你累了休息吧啊	1
暂停八大家是哪八位	0
别唱	1
关了吧没看	0
关	1
阴历怎么停下来	0
暂停一下去参加宠物大赛	0
休息休息	1
暂停笑话讲个笑话	0
那个喇叭暂停	0
我是怕你累着了那你休息一会	1
不要放音乐了	1
我想让你闭嘴	1
西游记暂停	0
谢歇会儿	1
休息关就关机	0
暂停第3集	0
别说话	1
把他们的歌你怎么停了	0
又停了呢傲世九重天	0
停止音乐	1
嗯先休息一会儿吧我今天出去遛弯了	0
休息的人可以穿球哥	0
暂停现在几点了	0
暂停中央广播电台	0
40分钟后自动停止	0
我要看闭嘴	1
你怎么停了	1
停止六吗	0
我饿了要去吃饭了你先休息一会关机	0
暂停小毛驴	0
我觉得你要休息了	1
给我退下吧我不要看了	1
关注吧休息吧	0
别放了	1
停下来	1
60分钟以后停一下	0
我每天不休息或者玩游戏	0
关了吧我们要下去走路了	1
暂停有一首歌就有点搞笑就	0
不想听了	1
暂停念白居易的长恨歌	0
关屏休息	1
所以叫你暂停的	1
暂停我知道有点儿事儿	1
停止李丽君	0
关闭嘴现在几点	1
关闭音箱	1
你好休息	0
你可以去休息一下了	1
停停止	1
结束	1
我要听三集停了	0
暂停现在几点了	0
暂停小度小度是不是升级了小度小度	0
停一会休息一会	1
不要吵了	1
取消闹钟	1
我觉得你闭嘴	0
关掉吧	1
就要睡觉了停止	1
怎么不唱啊	1
停止播放音乐	1
怎么不唱呢	1
关闭吧	1
怎么不唱歌了	1
停止止我一直都在怀抱着呢	0
不要放歌	1
暂停怎么样	0
15分钟后暂停	0
暂停关闭屏幕	0
闭嘴是什么意思	0
屏幕关了吧	0
你休息吧	1
休息吧把你打	0
停止明天早上七点提醒	0
暂停觉得海风海风	0
停止吧	1
关了吧	1
休息好了	0
不要播放了	1
取消闹钟	1
播放15分钟后暂停	0
暂停吉利吃饭了吗	0
休息吧小度	1
仙剑还有播放暂停键	0
声音调到四十再暂停	0
暂停10点52×10=多少	0
你赶快休息吧有点儿太闹腾了	1
休休息	1
不要放音乐	1
不要唱了	1
停止太吵了	1
暂停暂停暂停暂停听听吗	1
停下	1
家里没人暂停	0
小度没叫你啊你休息吧	1
妈妈请休息	1
停止计时	0
暂停打开柯南侦探游戏	0
不听了	1
静音休息	1
今天休息吧	0
不要放歌了	1
关闭屏幕暂停	0
休息一下他们打电话	0
暂停机会就炸死	0
今天我就好好休息吧	0
别说话	1
休息了我想吃饭	1
你中午休息没有	0
暂停我要看巴啦啦小魔仙	0
暂停1分钟	0
退出吧	1
把电脑休息一会儿	1
不要唱了	1
你为什么暂停了就黑面子了	0
明天还休息吗	0
暂停我的名字是晨晨	0
退出播放	1
暂停兄弟四	0
停止烦	1
再见休息	1
休息啊	1
给你看小度暂停	0
累了休息	0
小度暂停打电话	0
暂停是=四一个=4减一个	0
给我陪我一起休息	0
请暂停我们同学那么多就学会了	0
休息一会我要睡觉了	0
今天休息	0
晚上一般天气热多休息吧	0
自动停止	0
暂停小朋友	0
停止音乐	1
播放鹿晗的时间停了	0
不要放音乐了	1
20分钟之后停止	0
暂停你那个英语一共十四课	0
注意休息	0
闭嘴是什么意思	0
我说我困你你先让我休息	0
停止并关屏	1
不要唱了	1
闭嘴巴	1
我要休息了	1
这边休息一会儿吧啊	1
退出来	1
退出吧	1
电视停一下等会再唱	0
柳琴戏张万桑休息	0
停止用英文怎么说	0
半小时后停止	0
天天天天闭嘴吗	0
停止放歌	1
停了	1
休息干嘛呢悄悄	0
停止那个	0
播放lemon tree了停止	0
休息收藏这首歌	0
暂停打开中央一台	0
伴郎又暂停	0
电视剧追捕停止	0
听一点休息的歌	0
继续啊休息	0
暂停小伶玩具	0
我们马上要休息了给我们团团讲一个	0
我休息一下他堵的我都不知道什么玩意儿	0
暂停退出儿童模式和狐狸	0
停止放歌	1
给我关掉	1
返回到首页暂停	1
休息休息	1
停止唱歌返回首页	0
把都是休息的吗	0
但说话闭嘴闭嘴	1
屏幕太亮了关了吧	0
闭嘴还听音乐	0
妈妈请休息	1
音量休息一下	1
嗯停止夏哥下雨	0
不需要了暂停	1
暂停我要看电视	0
把你的嘴闭上	1
休息关机	0
再讲5分钟休息	0
关了吧不	0
停下来播放贺龙全集	0
音量休息一下	1
你休息吧	1
关掉闹钟	1
暂停还要几个乌鲁鲁的那个身上到巴马	0
休息一会儿谢谢你的陪伴	1
停止我自己	1
暂停别再停了啊	1
暂停小猪佩奇	0
好好休息吧	1
休息吧小度	1
停止度曾嘉欣月亮代表我的心	0
要不要休息吧	0
不用了你也休息吧	1
去休息	1
叫你休息	1
取消闹钟	1
退出播放	1
停止太吵了	1
我应该也不想了解闭嘴	0
把屏幕关了吧	0
关闭闹钟	1
休息吧我要睡觉了	1
暂停丽达的故事	0
暂停我要看无霜	0
我马上暂停我要听丑八怪	0
休息一会几点啦	1
暂停出血的新闻	0
取消	1
你可以休息了哥哥叔叔	0
不唱了	1
闭嘴爱吧	1
休息睡觉吧	1
暂停第1集	0
暂停继续闯	0
你去休息吧	1
暂停吧知道了	1
不要唱了	1
谢谢啦都有啦有啦有啦谢谢啦阿一个休息惯了	0
你生日我要休息	0
休息休息	1
两个红包暂停	0
休息休息	1
奔跑休息	0
你给我闭嘴来你说谁有病	1
休息干嘛	0
休息我出去了	0
暂停我想看大话西游月光宝盒	0
暂停小苹果	0
如果宝宝需要休息了	0
半小时后半个小时后停止播放	0
15分钟后停止	0
我教你叫你休息	1
停下	1
取消闹钟	1
需要休息	0
暂停高山流水的歌	0
休息参加第25届环球大赛	0
休息小度	1
继续休息	1
别讲了	1
停止音乐一个姐姐	0
大哥停止	1
暂停冰冻拳	0
停止停止	1
休息小度	1
换个召唤休息吧	0
休息吧你到现在辛苦了啊	0
暂停放一首好听的歌	0
暂停我儿子不吃饭	0
暂停一下这首歌太烦了	0
暂停小鸡小鸡	0
继续播放超级飞侠你就闭嘴	0
暂停我哥哥写作业	0
你关机吧休息会儿吧	0
听刚刚暂停催眠曲	0
继续休息	1
停止循环	0
退出播放	1
休息睡觉	1
停止歌曲	1
暂停明天天气预报	0
休息啊	1
休息你也睡觉去吧	1
停止唱这首歌	0
休息现在几点了	0
静音休息	1
闭嘴嘴	1
暂停湖南夜行	0
暂停明天天气	0
你休息去吧	1
播放一首朋友暂停	0
你怎么停了	1
30分钟后暂停	0
不听音乐了休息一会儿	1
你他妈休息一会吧	1
听休息比较了	0
今天他自己说小度小度然后自己停下来	0
不是的休息歇一会儿	1
跳跳闭嘴	1
关了吧吃饭了	1
没有什么休息一会	0
休息歇一会儿吧	1
播放完停了	0
取消闹钟	1
你停会儿吧停机歇会儿吧谢谢你	1
音乐暂停	1
歇会儿能听懂吗	1
在吧休息会儿	1
别说话	1
你咋不休息了	0
爸爸休息啊	1
暂停外古道边儿歌	0
请关闭	1
把屏幕关了吧	0
休息知道了	1
不要放歌了	1
吵继续暂停暂停	1
暂停什么电视歌	0
休息我要休息	1
退出来呀	1
我想听心中另一个暂停	0
20分钟后停止	0
闭嘴关机	0
停止呼叫	0
停止的拼音	0
要洗了要休息了要洗了要洗了	0
暂停过来开了	0
尤其是停下来	0
暂停歌曲	1
别放了	1
你停止播音	0
我不想和你玩了你暂停吧	1
暂停我回来了	0
暂停毒液最后的彩蛋是谁	0
停止播报新闻	0
暂停给奶奶打个电话问	0
静音休息	1
退出熊大胖一下停止	0
继续吧休息吧	0
上班休息了	0
继续休息吧	1
停了它自己联网了	0
晓月老板休息	0
不唱了	1
wifi休息摄像头打开	0
暂停么手机要不要	0
小孩子学习时间需要暂停一下	0
闭嘴回家了	1
你休息吧10点20分时候叫我	0
休息会儿吧暂停	1
休息几天	0
那你休息吧小度再见	1
退下去	0
把音乐关了	1
停止那个老妈	1
暂停这个打底就没有咱们买的那个打底裤	0
小度休息吧嗯嗯奥特曼曼	0
闭嘴一首成名曲	0
暂停b的内壁的那个声调是什么	0
停止吧	1
闭嘴让他闭嘴	1
请暂停牙上面的歌可以	0
等一下你先暂停一下等会儿我看芭比娃娃	0
娃娃休息	0
你休息	1
声音停下来	1
休息的反义词是什么	0
把音乐关了	1
累了休息一会	1
八戒闭嘴不好使	0
换一首我休息歌	0
汪峰我要考虑休息吧回去	0
暂停的第2排第4个	0
你耳朵聋啦闭嘴	1
停止唱一个歌我们听听	0
雨停了不停	0
关掉关掉	1
场休息大概感大概	0
歌曲再放半个小时停止	0
怎么不放了	1
你不是休息了吗	0
暂停拼多多露度	0
暂停新闻联播	0
音量休息一下	1
停止客567	0
打开休息	0
你先暂停一下我打个电话	0
停止播放音乐	1
1个小时后暂停	0
妈妈请休息	1
停止唱歌	1
暂停听听大连新闻	0
休歇会儿歇会儿吧	1
停止宝贝屏幕再见啦	0
暂停放辽宁卫视	0
暂停喵喵五十个格	0
把音乐关了	1
暂停的身高有多少有多少米	0
闭嘴怎么办	0
音量休息一下	1
休息不听话不给你听	1
关掉了	1
我想听暂停爷爷的草原	0
音乐暂停	1
停止你在喊一声我听	0
你休息好久了	0
把音乐关了	1
暂停坏人来了我们的家怎么办	0
暂停声音小点	0
不听了别唱了	1
休息休息	1
休息豆豆	1
暂停美满的反义词是什么	0
休息了那么热	0
别说了超级飞侠	0
闭嘴明天天气预报	0
休息了休息了明天我们再唱好吗	0
你退下吧	1
小声点休息吧	0
没事不要说话了停止	1
你睡不着也休息	0
吃中午饭了休息吧	1
给30分钟暂停别别播放了	0
关闭闭	1
好好休息	0
关闭闹钟	1
暂停电视剧	1
朗朗逐一休息	0
把电源关了吧	0
我们去看电影了你去你别说了啊	0
没事关了吧	1
暂停我要听一首关于菩萨更新的儿歌	0
静音休息	1
暂停放首动画片小猪佩奇	0
把音乐关了	1
休息你咋一块儿睡吧十点多了	0
闭嘴不要吵	1
你能休息吗别打扰你说话啦	0
关了吧	1
停止10万个为什么	0
暂停给我打电话	0
暂停我要看电视	0
暂停韩东君痴心绝对	0
暂停我要睡觉了听一下那个	0
停止限行尾号	0
暂停播放歌曲爱的最深爱的人	0
暂停你要睡觉还是怎么着	0
你休息吧	1
要关机呀请你休息一下	0
暂停我要看直播	0
停下来	1
停止下载	0
10分钟后停止	0
停止播放歌曲	1
语音这里闭嘴	1
给看了你休息吧	0
嗯休息	1
停停停小度	1
把音乐关了	1
停停停不要听不要听	0
20分钟后停止	0
没事儿休息吧	1
你把全世界都给我停了	0
你闭嘴	1
暂停把这个删掉	0
让榴莲闭嘴是什么意思	0
播放米小圈暂停	0
继续播放不败战神三十分20分钟后停止	0
唉停了	0
20分钟后停止	0
嗯嗯嗯嗯呜呜呜呜嗯嗯关了吧	1
休息晚安	1
你打车过来我给你暂停给你发的那个啊	0
停止唱穆桂英挂帅	0
停停停战场家几个孩子	0
你休息去吧	1
停止好听的歌	0
停掉	1
暂停我想听个儿童歌	0
播放广场闭嘴	0
停止等一下唱	0
暂停护花使者	0
关掉关掉	1
时间休息5分钟	0
没人理你呀你暂停吗	0
暂停茶艺花园	0
不是啊不看了关了吧	1
停止放歌	1
先休息吧我们要出门啦	1
闭嘴英语怎么说	0
你休息一哈	1
暂停早上好	0
不	1
暂停播放买辣条也用券的起风了	0
好了可以停了明天热了	0
闭嘴气死我了	1
休休息	1
关闭关闭	1
30分钟后闭嘴	0
闭嘴嘴	1
三休息	0
闹钟取消	1
你还没休息呢	0
学习休息	0
关上	1
大喊停止美人鱼	0
休息休息休息一下子哈	1
放一首小鸡小鸡停止	0
暂停小度小度	1
暂停我要看孙悟空	0
把音乐停了	1
你休息一下你说什么	0
放一首小幸运然后就停止	0
请关闭	1
闭嘴爱吧	1
你别说了你个词儿	0
暂停我下班了	0
好好休息吧小度	1
关闭关机暂停暂停暂停关机	0
哎呦休息休息	1
你该吃饭了暂停	1
暂停放一首修炼手册	0
退出来呀	1
关闭关闭	1
放十三个暂停	0
去休息	1
休息怎么样	0
放奶奶休息一下分钟	0
停止歌唱	0
闭嘴开始	1
取消闹钟	1
20分钟后休息	0
停了吧	1
暂停放一些流行音乐	0
睡觉休息吧	1
关音乐	1
你没休息啊	0
我在教他一下我也没说暂停	0
停了我洗澡了	0
我要你闭嘴你会生气吗	0
取消闹钟	1
暂停一个十五分土地	0
停止我看你的指甲	0
关了吧	1
暂停你关机了没有	0
闭嘴啥	0
音量调到一百休息	0
我走了关了吧	1
让你休息休息好不好	0
小度关闭暂停	1
暂停蛇狂舞	0
暂停你那个红色的嗓子啊	0
嗯大张伟闭嘴	0
停了不不不是这个	0
关闭吧	1
给朕退下	0
暂停一下鸭子的叫声	0
你要死了是干嘛的你还不闭嘴	0
怎样休息cad	0
休息一一个小猫钓鱼	0
有小时之后提醒休息	0
暂停是不是说	0
不要	1
暂停不唱那个唱一首来	0
停下	1
五点半暂停	0
闭嘴关机	0
请休息一会儿明天继续	0
你休息好了吗	0
暂停我要听广东爱情故事	0
歇会儿吧唱累了啊	0
累了休息啊别吵了	1
来一首暂停歌	0
音乐暂停	1
不听了	1
停下来	1
暂停小公交车太友	0
你唱吧休息吧	0
暂停吧不喜欢这首歌	0
赶紧开始暂停	1
休息啊在qq	0
没有小度你休息吧	1
退出音乐	1
你休息吧	1
我要生气了暂停	1
关音乐	1
1小时后休息	0
能把情歌歌听停了吗	0
暂停歌曲学猫叫	0
嗯一会儿再来啊先休息会儿	1
休息好了没	0
暂停上一页上一页	0
我要听休息歌	0
闭嘴吧	1
你休息一会儿安静	1
休息这个现在现在多久了	0
暂停我要放葫芦娃	0
你去休息吧	1
休息一会吃饭	0
康熙唱个休息一首打屁股	0
换一个晚一点再听现在停止	0
暂停那个唱来一首那个	0
不要唱了	1
我们要出去了你休息吧	1
静音休息	1
你可以也可以休息了但是不要关机才会找你	0
死活不放他休息上次微信	0
爸爸爸加班暂停	0
闭嘴爱吧	1
怎么不唱啊	1
要个小时以后停止播报	0
学习一下休息一下	0
下班了休息一会	0
闹钟取消	1
你把屏幕关了吧	0
暂停放汪汪老师	0
歇一会儿	1
休息吧晚安	1
退出来	1
关闭嘴	1
梅梅小顺休息	0
暂停全新升级	0
退出音乐	1
暂停看老师速度对吧	0
休息休息	1
唱一首休息	0
暂停神奇宝贝	0
他知道的休息休息心情	0
闭嘴怎么办	0
暂停猪猪侠的歌	0
停止谜语	0
这两天没休息	0
关掉闹钟	1
闭嘴闭嘴使劲b	1
暂停方明珠	0
取休息	0
暂停打开电视	0
暂停奇奥是谁	0
停止上传	1
半小时后停止	0
你休息吧	1
暂停1245叫啊	0
声音小点休息一会	0
暂停下载快点	0
暂停听到没	1
别把相声关了吧	0
暂停放一首豫剧小仓娃离了登封小县	0
把音乐停了灭屏	1
你想不想休息一下	0
休息一下小度	1
别换了我休息了	0
算了算了闭嘴	1
休息吧我办事去了	0
退出来	1
停止吧说你唱的不好听还唱	0
15分钟后暂停	0
太难听了停止吧	1
一个钟1个小时后停止	0
声音爸爸休息妈妈学习呀	0
闹钟取消	1
暂停收藏图片	0
不要放音乐了	1
休息你怎么反应慢呢	0
继续休息	1
暂停倒计时15分钟	0
讲故事闭嘴	0
停止冰冻拳	0
让猫咪休息	0
暂停给你找个	0
音乐关掉	1
不要说话	1
休息音量	1
暂停沙漠骆驼	0
把音乐关了	1
暂停不准我们走了	0
我要睡觉了暂停	1
暂停一下这个故事	0
当然说自己暂停	0
暂停大aa aa aa的	0
暂停暂停赶不上停了	0
暂停爱奇艺vip	0
停止对话	0
你休息吧	1
别说话	1
你是小度暂停	1
休息关机	0
停止快进	1
音乐停止	1
不要唱歌	1
停止停止	1
暂停停停放小跳蛙	0
我们可以休息一休休息吗下次再来	0
20分钟后停止	0
暂停吧我们唱首歌吧	0
停了我出去没人	0
你到底休息了	0
一起休息	0
把音乐关掉	1
不要再唱了	1
暂停我出门了	1
休息会	1
静音休息	1
暂停一下睡前故事	0
你休息吧小度	1
把前八个暂停	1
把你自己给关了吧	1
暂停把音量调到50%	0
修正休息吧	0
暂停的英语怎么拼	0
取消闹钟	1
我要搜索停止么	0
休息关机	0
暂停我都束手无策	0
休息一下我们去玩儿了走吧	1
早点休息	0
前进音乐暂停	0
休息一会吧很累	1
休息还好吗	0
半个小时以后自己暂停	0
暂停我要听天涯赤子心	0
关掉吧	1
闭嘴了睡觉没有	1
不要放了	1
休息一会儿歌	1
她俩休息了	0
我要去跳舞了你休息一会儿	0
把音乐关了	1
在家好休息吧	0
不要吵了	1
退出吧	1
休息快点	1
不要放歌了	1
暂停拍照模式	0
翻紧赶紧回去休息吧	0
暂停耶耶耶	0
闭嘴关闭屏幕	0
暂停看我们的少年时代	0
暂停知道吗出来52是啥意思呢	0
休息一会退一下	1
我要听暂停你内心的人不是我	0
休息了关机	0
正面回答你暂停	0
暂停一下小声点	0
小度休息了她说	0
取消闹钟	1
取消闹钟	1
退出播放	1
休息为什么是咸的	0
别放了	1
我哥喊闭嘴	0
停了吧	1
暂停韩国军的英语	0
暂停你在哪里呢	0
退出音乐	1
暂停电视剧	1
休息关机	0
关闭闹钟	1
音乐停	1
音乐怎么停了	0
点休息	1
半个小时之后暂停	0
5分钟后音乐停止	0
退出播放	1
休息吧睡觉	1
暂停那首歌是什么	0
休息我错了	0
暂停一下三国杀	0
休息一下吧	1
暂停呃单曲循环	0
关	1
暂停你最喜欢什么	0
休息动画片滴滴答答	0
退下吧你在喊什么粑粑	1
关闭播放	1
1个小时以后停止	0
不要再唱了	1
嗯再讲半个小时休息	0
暂停上学孕妇怎么用英文怎么读	0
安静一会儿睡觉了	1
你休息吧	1
暂停10分钟	0
暂停我跟你说什么	0
停止播放音乐	1
休息没有	0
说个休息	0
这个不好看暂停吧	1
暂停说好抒情格日乐的歌	0
打开休息模式	0
暂停10分钟	0
闭嘴好了	1
停止动物半个小时	0
选择休息吧好吧	0
嗯这个就休息休息	0
退下的星星	0
休息休息	1
休息还没有	0
点休息的歌曲	0
暂停你在跳舞了你看	0
暂停想看毒液致命守护者	0
取消	1
暂停吧你这个傻子	0
停止播放音乐	1
暂停你们分钟大概分钟吧	0
我们休息呀你好关闭	0
十一点半暂停	0
把音乐关掉	1
睡觉你休息	1
刚才那个妈妈说让休息	1
听	1
关掉了	1
不要放歌	1
不要唱了	1
暂停全部能否好得很	0
21点30提醒我休息	0
暂停经典剧场	0
我操你回答问题你别说了	0
明天早晨星期天不要停闹钟休息	0
不要忘记我休息一下	1
休息吧今天才睡觉了	0
打开电视你休息吧	0
我要休息睡觉了	1
暂停几点啦	1
应该停止我以为特暴龙是吧	0
1个小时后停止	0
把嘴闭上叫声	0
葫芦小度停止	0
暂停保加利亚妖王	0
30分钟后停止	0
把音乐关了	1
音乐关掉	1
停止嘿嘿嘿嘿嘿嘿	0
讲故事十一点半准时停止	0
关闭关闭	1
请关闭	1
闭嘴笨死了	1
暂停1分钟	0
奔跑关了吧	1
休息喽	1
30分钟后停止睡前故事关机	0
休息啦	1
停下来把一个地方啊	0
十三岁日星期天农历腊月初八晚上早点休息明天就是新的一周了	0
酒店休息吧	0
休息你看我回来把回来	0
退出播放	1
停止停怎么办	0
暂停播放96还可以组什么词	0
谁让你暂停呢操你妈逼逼给老子唱歌	0
怎么不唱歌了	1
停止停止不是法国不是法语歌二十法国号	0
二十分钟之后暂停	0
暂停我要去学英语	0
哪里年龄休息了	0
你休息好了吗	0
暂停快乐舞步健身操	0
暂停就可能	0
没有啊现在就休息啊	1
休息1分钟	0
暂停但是三十	0
休息了休息不好	0
小度别说了妈妈好不好	0
休息一下你回来吃啊	0
停止下一首歌	0
我要听这个休息	0
嗯来休息音乐	1
去休息	1
暂停中文版	0
来休息	1
休息吵死了	1
暂停全部奥特曼	0
你都没休息在做什么呢	0
10分钟以后暂停	0
不要唱了	1
关机你说我休息了	0
30分钟以后停一下	0
快点休息一会	1
停止吧使用你的耳朵	0
闭嘴嘴	1
暂停大河继续	0
暂停1分钟提醒我睡觉	0
暂停声音调到五十	0
休息一下会儿吧	1
已经休息会了	0
闭嘴闭嘴	1
暂停大公鸡爱美丽	0
停掉	1
妈妈请休息	1
暂停几点了	1
把音乐关了	1
音乐关了	1
不累呀歇会儿	0
换一首暂停换一首	0
闭嘴翻译	0
怎么不唱啊	1
休息五	0
停止来找你玩啦	0
小度停止放歌停止放歌	0
两分钟后停止	0
音乐关了	1
打开闭嘴	0
暂停北京拥抱你离去去	0
暂停怎么样	0
大休息了睡觉吧	1
暂停一下歌曲我问你几个问题	0
暂停汪汪队立大功	0
关掉吧	1
大休息你去旅行	0
停下来	1
不要说话了	1
算了不播了停止	1
暂停歌曲并且返回	0
停止会神经病	0
把明天6点50闹钟停止	0
休休息	1
在哪工作大江大河25集停一下放一下	0
暂停西游记女儿国	0
休息一位非常英明	0
暂停我要玩钢琴游戏	0
没事儿休息吧	1
关上吧	1
让楼下的小度闭嘴	0
停止奥特曼歌曲	0
暂停吵死了	1
你休息了没有	0
10分钟之后自动停止	0
停下来	1
暂停你看到了	0
你去休息吧	1
暂停高山上的情歌	0
暂停3分钟到了关掉了	0
闭嘴不要听他的话	1
暂停放一首很任性的歌	0
请暂停小青蛙跳	1
暂停大白鲨和恐龙比谁	0
啥呀死去休息	0
闭嘴杨宝要休息	0
暂停一颗海草海草海草	0
咱们休息吧	1
好休息一会了啊	1
睡觉睡觉	1
不要播放了	1
退出音乐	1
休息几天	0
不	1
把电视关一下关一下停一下	0
小度停止响铃	0
暂停还有几天过年	0
停止闹铃继续播放新闻	0
10分钟后停止	0
30分钟后停止	0
休息每天休息多长时间最好	0
给我吃点休息吧	0
暂停我要看蜜蜂队	0
不要说话	1
11点15分暂停	0
把电视关了吧	1
把音乐关掉	1
休息吧下去吧	1
停止吧小度	1
10分钟后暂停	0
申请决赛才休息你累了	0
大一声大1小时后停止播放	0
休息休息不要讲话	1
把那个不要听把那个停止了	1
点休息	1
你休息	1
暂停快乐舞步健身操	0
暂停音量给我调到十	0
不要播放了	1
停止哈巴狗	0
停止放歌	1
闭嘴是什么意思	0
休息一下一直放电视	0
停止歌手	0
怎么不唱啊	1
休息大龙大龙	0
几点休息	0
播放两遍后暂停	0
休息了作业写完没	0
停止播放音乐	1
音量休息一下	1
停止玻璃的动画片玩具	0
停止度梦回大唐	0
结束播放	1
继续休息	0
拜拜停止	1
休息一下关机	0
停止关闭屏幕	0
暂停审核了	0
停别说了拜拜	1
你休息不吃饭吃不吃饭	0
我不跟你玩了你休息一会	1
暂停钢琴曲	0
请关闭	1
不要放歌	1
暂停讲一个小红帽的故事改造	0
休息吧晚安	1
休息吧睡觉啊	1
不听	1
停止吧不想看了	1
7点40分闹钟停止	0
停止我要淘宝	0
暂停主题曲	0
暂停我要看美丽的儿童电影	0
暂停我是歌手	0
先暂停回来再播放	0
世界休息	0
暂停铠甲勇士	0
停止播放电视连续剧江南爱情	0
我说关机休息的话我上班去了	0
你能你能停下来别念了吗	0
关上吧	1
休息什么	0
闭嘴小点声	0
暂停关闭屏幕	0
不唱了	1
狼狼闭嘴	0
暂停叫起床	0
暂停我们要	0
回去吧退下	0
退出播放	1
听说你刚说一一节就停了	0
暂停开始6分钟这个	0
不要再唱了	1
歇一会儿	1
休息小度	1
不要播了	1
不唱了	1
好好休息吧	1
关了吧	1
停止声音	1
暂停74-30	0
暂停夜之光花姐	0
20分钟后暂停	0
闭嘴什么	0
暂停今天是农历	0
休息休息	1
休息了还是在租房子	0
停下	1
妈妈请休息	1
休息吧明天晚上就可以了	0
听鹿晗唱的时间停了	0
播放不听歌休息	0
你睡觉了	1
歇一下吧休息一下	1
看见了我休息了哈	1
停止脉冲板	0
休息空调	0
关闭闹钟	1
暂停来一点轻音乐	0
停止播放音乐	1
stop	1
嗯休息	1
暂停打开电视	0
休息关机	0
停下来再见	0
暂停关闭主灯	0
暂停美人鱼歌	0
嗯暂停一下我的链接暂停	0
停止吧	1
放歌停了我要看蜡笔小新	0
音乐关掉	1
暂停快点五十集	0
暂停呸呸呸	0
静音休息	1
计时停止	0
听	1
放休息的时候新歌	0
歇会儿不开机呀	0
休息几天	0
暂停把音量调到百分之百	0
结束播放	1
你休息	1
停止播放音乐	1
停一下我不听这个退出	0
暂停现在几点钟	0
停止关机	0
休息休息	1
不要唱了	1
静音休息	1
不许唱暂停	1
休息为的英语怎么说	0
一个1个小时以后休息	0
停止关机	0
停止关机	0
取消闹钟	1
闭嘴我想退出	1
爱情的国界暂停	0
暂停小度小度	1
查找一下休息这个英语怎么读	0
你别找我这样休息	0
咋不听话暂停	0
别说了大家都在休息了	1
我们要休息晚安	1
真的闭上眼休息了	1
暂停播放以后我的青春时光	0
星期一下休息吧	0
暂停迪迦奥特曼的歌	0
怎么不放了	1
播放暂停了等一会儿行不行	0
停止吧你玩儿吧玩儿一会	0
播放半个小时以后休息	0
1分钟之后休息了	0
暂停关闭屏幕	0
你休息会我去玩了	0
不休息星期天	0
你休息吧	1
把音乐关掉	1
不想了解你闭嘴吧	1
暂停放虫儿飞	0
停止播放音乐	1
再说闭嘴	1
慢慢检查暂停	1
开心小妹暂停	0
休息一会儿歌	1
暂停小猪佩奇	0
没叫你闭嘴	1
你先休息待会儿再唱	1
20分钟后暂停	0
不要唱了	1
暂停我要看战狼	0
什么也不要说了停一下	0
停了	1
退出播放	1
休息一下不听不到葡萄	0
停止放好宝宝	0
暂停哎呦关机	0
5分钟你3分钟里面你就好休息啦	0
暂停你耳朵是不是不好使啊	0
暂停再小一点	0
闭嘴诶	1
退出退出	1
休息模式	0
请问你八零休息的习惯	0
叫你休息了怎么又唱起来了	0
音乐关掉	1
休息电影	0
休息好了吗	0
停止音乐	1
放暂停你内心的人不是我	0
我会不会停了	0
回家休息	0
休息下	1
休息小度	1
今天晚上暂停	0
我要休息睡觉了	1
播放休息	1
你休息吧	1
你唱歌太难听了休息会儿	1
吃饭了暂停	1
休息一会儿吧我们要出门啦	1
停止计时	0
停止唱歌累不累	0
你停止怎么样我说开始	0
闭嘴爱吧	1
退下英语小说	0
把无名之辈关了吧	0
20分钟后停止	0
停掉	1
闭嘴用英语怎么说	0
九月停止猜猜猜	0
暂停奥特曼	0
暂停老婆怪兽没错	0
暂停不能上别人车上	0
暂停你吃饭了	0
停止救护车	0
休息睡觉	1
暂停汪汪队汪汪队第4集	0
暂停讲故事	0
关闭嘴	1
1个小时后暂停	0
吹箫有休息一会	0
在45分钟后暂停	0
停止音乐	1
永久休息	1
20分钟以后暂停	0
关掉吧	1
休息条新闻	0
暂停声音大点	0
这个故事暂停	1
停止你们觉得这首歌	0
暂停放生僻字	0
休息了我们起床了	1
暂停小猪佩奇	0
继续休息	1
休息你要睡觉小度不用睡觉呀小度小度关机了	0
取消闹钟	1
怎么停了	1
暂停下次不敢这样了吗	0
不要说话	1
暂停一点声音再小点	0
你去休息一下马上回来	1
去休息吧	1
10分钟后暂停	0
音乐播放30分钟后停止	0
没事儿了闭嘴	1
停啊	1
音乐关掉	1
结束	1
你别跟小说了我要休息了	0
音乐关掉	1
音乐暂停	1
休息你太吵了你	1
退下济南的天气	0
暂停你别去跟他说都都到哪儿了没有呢	0
停止播播电话	0
闭嘴打电话	0
休息怎么啦	0
请关闭	1
停止唱歌	1
暂停娃娃娃娃	0
别说了桃花劫	0
暂停熊出没	0
暂停我们要去吃饭了	0
暂停音乐打开	0
关了吧	1
休息一会明天再聊好吗	0
西藏休息一下	0
15分钟暂暂停	0
播放了睡觉吧休息吧	0
暂停明天限行哪个号	0
拜拜小度小度暂停	1
关了吧空调也关了	0
取消闹钟	1
停了吧停了吧暂停了	1
休息还找我	0
累就歇会儿	0
闭嘴王俊怡是谁	0
闭嘴英文怎么说	0
谢歇会儿	1
闭嘴是什么意思	0
关了音乐	1
怎么老是播一半停下来	0
你退下吧	1
音乐停	1
你刚才为什么停了	0
闭嘴兄弟念什么	0
播放暂停你内心的人不是我	0
休息啊	1
休息一下吵死了	1
结束播放	1
停止小度小度	1
你可以休息了我不想听了开始休息了	1
暂停怎么啦	0
红色停止	0
半小时以后停止	0
休息状态	1
停止播放分享给我收藏起来	0
暂停我要玩电子宠物我的名字叫做	0
暂停我要看小猪佩奇	0
声音再轻暂停	0
休息睡觉了	1
要个小时自动停止	0
停止播放音乐	1
你怎么不休息啊	0
暂停一段轻音乐	0
暂停没跟你说话	0
唱吧休息会	0
播放鳄鱼闭嘴	0
形容谢谢休息吧	0
别放了	1
停止化妆	0
休息睡觉了	1
停止战斗	0
暂停第九套广播体操	0
明天早上七点然后你休息吧再见	0
停止什么	0
休息吗	1
小度我不想听了暂停	1
停下	1
他他他第1个关了吧	0
睡觉睡觉	1
不要放了	1
停止讲故事	0
闭嘴我脚臭怎么办	0
关闭吧	1
暂停给我讲个故事10万个为什么	0
你去休息会吧	1
休息休息	1
请你停下来秦丽婷是不是一头猪塑料	0
唱一首时间停了	0
不要放了	1
把音乐关了	1
休息休息	1
取消	1
汪汪给我做闭嘴啦啦啦啦啦啦啦啦啦啦啦啦啦啦啦	1
停掉吧	1
暂停爸爸去哪儿	0
停止放歌	1
过春节时候你休息吗	0
20分钟之后停止	0
小星星什么休息休息	0
把音乐关了	1
休息了我们睡午觉去了	1
别给我废话闭嘴	1
别说话	1
停止宋朝	0
这首歌呢重复三十遍之后停止	0
算了算了休息休息	1
休息吧宝贝	1
停止换一首歌	0
暂停告诉我憨豆谁知道	0
暂停5分钟	0
阿姐赶紧出现赶紧赶紧休息小杜	1
别唱	1
关闭播放	1
我想听音乐听音乐休息会	0
我们休息吧明天继续讲	0
突然就停了	0
暂停我想看魔法学院	0
闭嘴1小时	0
动画片闭嘴	1
暂停休息	1
休息三十腾讯	0
休息去吧快点通话	0
别放歌了	1
休息吧关机	0
闭嘴吧	1
心血dj音乐不停止	0
休息休息	1
暂停我们想听京剧猫	0
别说话了	1
飞机北京雨停了	0
关了吧	1
闹钟取消	1
扫地机器人停止工作	1
电视剧梁山伯与祝英台停止播放	0
爸爸关了吧	1
休息一会儿再播播放	0
你休息吧	1
音量停了	0
不是闭嘴	0
不要放了	1
暂停一次那个电影	0
暂停你自己看那个时间9点30了	0
关闭播放	1
停止河南爱着你	0
暂停昆虫首页	0
不要放歌了	1
小度休息一会啊回来	1
暂停新股和他的老师的身骑白马	0
闭嘴的英文怎么说	0
休息一下吧	1
不要叫快去休息	1
音乐关掉	1
停止座今天的运势	0
我不是叫你休息一下嘛	1
停止不用说了	0
给猫给猫猫给猫猫休息了	0
关掉吧	1
暂停关机了睡觉了	0
暂停大一点	0
不要播放	1
休息参加游戏	0
23点20停止	0
你休息好了没	1
闭嘴爱吧	1
开始催眠曲5分钟后自动停止	0
有点累了可以休息会儿吗	0
还有多久停止	0
10分钟之后停止	0
暂停走天涯	0
请给我唱一首小猫休息的歌	0
现在暂停要怎么办呢	0
不要放了	1
停掉	1
哦这个是别说了起来了	0
停止不好听换一首	0
暂停小小新年歌	0
停止计时	0
我要唱了休息一下	0
休息休息上班吧	0
结束	1
关闭播放	1
别播了	1
放d君山停止唱歌	0
停止我的iphone	0
大姐歇会儿吧	1
暂停记得给我定闹钟哟	0
音乐关掉	1
不要唱了	1
暂停读书然后等一下	0
休息吧吃饭呀	1
10分钟后暂停	0
30分钟后暂停	0
停止播放音乐	1
休息一下不要看电视了	0
关闭音箱	1
停下	1
别放了	1
暂停声音小点	0
先停止下	1
停了停了继续下厨应该便宜哟	0
暂停15分钟的闹钟	0
今天休息	0
1小时后提醒我休息半个小时	0
闭嘴放一首天上的星星	0
停一下停一下停一下停一下换一个换一个	0
没事儿休息吧	1
休息几几点钟what time	0
10分钟后暂停	0
15分钟以后提醒闭嘴吃药	0
休息一下等一下家居	0
休息为什么	0
休息一天	0
暂停来一首歌	0
休息一下吧要写作业了	1
停止qq音乐	0
请停止关机	0
暂停你弄弄一个	0
就是点了暂停	0
闭嘴还怎么办	0
停止大一点	0
暂停做菜什么时候	0
暂停小度小度继续	0
听娃娃很开心吗暂停	0
暂停歌曲	1
暂停给我们播放一首儿歌	0
给我闭嘴	1
停止小幸运	0
暂停海草舞	0
不想聊天休息一会	1
暂停吧关闭屏幕屏幕	0
你在家好好的休息我上班去了	0
不听了	1
我要休息列你不要看了哦	0
休息你唱的啥乱七八糟	0
取消播放	1
不唱	1
1个小时之后休息	0
录音闭嘴	0
时间停了	0
停下	1
暂停就是蓝色的光绿色的	0
休息没钱啊	0
停了吧	1
休息了关机了	0
暂停点提醒	0
把音乐关掉	1
暂停儿童模式	0
早点休息	0
好啦你去休息吧再见	1
暂停快点儿先别说话我跟你男朋友先把那个小部件	0
把音乐关了	1
我是说你先稍微停一下我去上个厕所	0
音乐停止	1
我没有时间给你聊你休息吧	1
休息休息	1
嗯不玩儿了暂停停止吧	1
去休息吧	1
休息睡觉咯	1
暂停把屏幕关了	0
取消闹钟	1
闭嘴我去上班了	1
暂停1+1等于几	0
暂停唱年轻的朋友来相会	0
把屏幕关了吧	0
你现在只需要休息了	1
不说了	1
关闭闹钟	1
舒服那你闭嘴	1
暂停莱文版	0
关闭屏幕暂停睡觉	0
晚安休息	1
暂停一会儿让你休息一会吧	1
你再给我说你闭嘴	1
你暂停这个我就打你	0
停一会儿我我考试真的房子	0
我要休息了不看了谢谢你	1
别放了	1
休息睡觉吧	1
给朕退下	0
暂停小度小度	1
闭嘴英语怎么说	0
小点声停止	0
休息一下也不睡	0
不要放了	1
暂停帮我搜一下	0
关了吧	1
怎么不放了	1
把歌关了	1
休息时间到了	0
暂停的英文怎么说	0
静音休息	1
暂停返回桌面	1
播放半个小时暂停	0
关了音乐	1
暂停我不想看了	1
停止圭的解释	0
退出音乐	1
暂停香港团队	0
唱一首休息歌	0
休息吧小度	1
休息包公赔情	0
暂停我要看21集	0
休息关机	0
暂停总动员第3季的歌	0
半个小时后停止音乐	0
暂停鸡蛋鸡蛋	0
暂停的意思plus	0
暂停电视剧	1
你闭嘴	1
闭嘴嘴	1
停一停休息会	1
你休息也没人跟你说话	0
妈妈请休息	1
音乐关掉	1
休息睡觉了	1
停止放音乐	1
我叫你休息就一点没叫你姐姐这么问题	0
不要唱了	1
休息小狗狗	0
11点35的时候休息	0
睡觉吧	1
如果关了吧	0
休息吧小度	1
停下	1
没有你就闭嘴吧	1
停了这个事儿打打声	0
饮料狗休息	0
休息我出去玩	0
挂了为什么暂停小度小	0
停止歌声	0
暂停我定明天六点半的闹铃	0
休息抱抱手机	0
麦当劳休息一下吧	0
这首播完暂停	0
关闭播放	1
唱的很好暂停	1
停止音乐	1
不要放了	1
我要学习了休息休息吧	1
停止音乐停止我要咖喱	0
小度快闭嘴	1
打击坚决休息	0
换一首停一下	0
暂停我生气了	0
休息我跟她说了凌晨三点钟走吧我们等你的回复	0
暂停这个人打电话	0
雨蝶停止	0
关闭退出	1
休息宝宝今天回来	0
20分钟后暂停	0
闭嘴吵死人	1
休息给我打开	0
不要播放音乐	1
休息一会儿歌	1
休息我跟你说我是小兔兔	0
你在休息吗	0
停止43了什么时候给我	0
闭嘴我要走了	1
休息多喝水中药	0
闭嘴怎么办	0
继续关了吧	1
讲一个幼儿园的新闻管理停止绘本的失败	0
取消闹钟	1
休息一下暂停关机关机	0
暂停看完了	0
我想听成歌雨的声闭嘴这首歌你能帮我放吧	0
关	1
你休息就休息	0
退出播放	1
给我关掉	1
停止播放音乐	1
停了关机	0
休息啦睡觉啦	1
不唱了	1
休息一下好了谢谢你哦	1
停下来	1
暂停工作表	0
停止播放音乐	1
5分钟以后关暂停	0
停止阅读	1
暂停雨伞英语	0
嗯先休息休息吧等一会儿	1
暂停我要看儿童笑话	0
不要说话	1
关闭播放	1
暂停我要听告白气球	0
你休息吧不用你的事儿	1
这首歌放完以后停止	0
我妈妈让你闭嘴	1
你休息吧小度	1
没叫你休息	0
孩子中午不休息怎么办	0
退下度播放c哩	0
你好休息了	0
睡觉休息	1
关闭打扰暂停	0
休息那就没办法了自己	0
继续播放超级飞侠你就闭嘴	0
关音乐	1
暂停查看太平的天气	0
声音休息了吧	0
暂停周杰伦的歌	0
半个小时后停止	0
暂停吧烦死了	1
歌曲怎么停了	0
不要唱了	1
暂停给我播放一首刘德华的歌	0
休息一下说什么	0
暂停小猪佩奇	0
继续休息	1
我休息了晚安	1
今天休息吧	0
暂停我想看植物大战僵尸二	0
停止音乐	1
停止关闭屏幕	0
放十个停止	0
停止不能动	0
暂停今天天气怎么样	0
声音小点人家休息了	0
休息这是我我自己练那个	0
休息一会啊太累了	1
关机麻辣就停了	0
stop	1
休息了睡觉了啊	1
暂停你是坏蛋	0
放悲伤闭嘴运气这首歌	0
暂停度小度	1
暂停我们要出去玩了	0
暂停声音开最大	0
把音乐关掉	1
家里的女主人闭嘴	0
停止止	1
暂停彼得兔的故事	0
关掉吧	1
静音休息	1
完了休息哈	1
停止放音乐	1
单曲停止计时	0
停下来	1
关掉歌曲	1
停止城	1
播放休息	1
咱们停了吧	1
你休息吧	1
小度停止说话	1
关闭关闭	1
不好不好小度休息小度停止	0
你去休息吧我要去洗澡了	1
有点累了简单休息一下	1
取消闹铃	1
不叫小孩不暂停这个	0
音量休息一下	1
我要听爱上幼儿园暂停	0
关闭闹钟	1
暂停几点钟了	1
休息一会儿我们要	0
半个小时以后自动停止	0
不听了	1
暂停大一点	0
怎么停了	1
视频暂停返回首页	1
停止吧	1
不	1
闭嘴呀	1
节操必须休息	0
关闭有人叫你休息	0
休息休息	1
暂停看新闻回到首页	0
暂停个笑话	0
休息好没	0
闭嘴打电话给我	0
停止我要去刷牙去了	0
退役休息	0
停下	1
暂停打开蓝牙	0
1个小时之后自动停止播放	0
暂停打开奥特曼	0
我休息也不用你看我哪个	0
暂停过来这个丢了	0
音乐关掉	1
休息滚蛋	0
明天休息吧	0
去休息了	0
放下六个休息	0
你睡觉吧	1
歇会儿炒鸡蛋是怎么做的	0
暂停我们一会儿再来	0
关机吧我休息我上班去了	0
15分钟暂停	0
暂停把屏幕关掉	0
停止音乐	1
休息一下吧我要走啦	1
你还没休息呢	0
停下来	1
酒醉了就休息吧	0
退出播放	1
音乐关掉	1
停止宠物	0
休息表	0
休息一下联系回来吧	0
半个小时后暂停啊	0
暂停我想我想看电视	0
一个半小时后暂停	0
不要播放了	1
太难听了停止	1
暂停一下载妹妹做彩超	0
暂停赤裸特工	0
停止轩唱个歌	0
停止音乐	1
我就是用手机停止	0
停下	1
20分钟以后停止	0
停了屏幕关掉	0
你去休息	1
你给我闭嘴	1
小声休息	0
要不你先休息一会我不想听歌了	1
暂停25+76×58=多少	0
休息了没有	0
听	1
关闭为什么晚上休息	0
停一下胡歌的忘记时间	0
休息睡觉	1
不要唱了	1
小宝宝洗澡啦休息一下	0
你需要休息吗	0
暂停魔方口诀怎么念	0
全部停止	1
退下来了	0
关闭关闭	1
你看看休息了吗	0
关掉关掉	1
音乐停止	1
休息吧你唱了一晚上了	0
闹钟停止六点钟	0
暂停放一首歌来听	0
早点休息小猪歌小鸭子	0
你睡觉吧	1
暂停我要电影院了行吗	0
换一首曲子这首歌太火了大晚上的停了	0
哪个喊暂停	0
播放十五个暂停	0
别放了	1
暂停小度小度	1
音乐关闭	1
暂停这个太好了知道我要学	0
休息休息	1
想要休息歇一会儿吗	0
暂停一下让我了解一下糖尿病是什么	0
你在干嘛暂停	0
停了	1
你休息一下关机哈	0
休息休息	1
暂停赵丽颖的	0
停我要休息停	1
暂停再看会电视	0
1个小时后暂停	0
停了吧别叫了	0
你休息吧我还表弟	0
休息给你把电源拔了	0
八点半提醒我休息	0
不要唱歌	1
我在看电视嗯先停一会儿	0
暂停赶紧回来再听	0
停止太吵了	1
暂停说什么	0
请你关了吧不要再想了	1
休息助手	0
暂停明天七点半	0
不要唱了	1
闭嘴24字歌	0
这集播放完毕后就停止	0
停止播放音乐	1
休息的流行歌曲	0
音乐暂停	1
不要唱歌了	1
关掉音箱	1
暂停一下把那些收完了然后再来继续	0
停止跳动	0
暂停一会再唱	0
小点声闭嘴吧	0
下一首休息一下	0
休息啦	1
不要唱了	1
关掉了	1
暂停是有谁连累谁的	0
根本就不会暂停	0
暂停土豆侠之筷子英雄	0
妈妈请休息	1
关闭闹钟	1
休息一下时间不早了啊	1
你可以去休息了	1
关闭吧	1
评书报名停止	0
关闭音箱	1
可以培训一下吗暂停变	0
音乐关掉	1
闭嘴嘴	1
粑粑把东西把它休息洋洋	0
退休息一下吃遍东西	0
声音停止	0
半个小时后自动停止	0
嗯出门了休息	1
暂停播放明天早上6点20叫我起床	0
暂停我要去读书	0
不用了	1
20分钟后暂停	0
暂停你内心的不是我	0
我休息一	0
暂停喜羊羊	0
小猪云说暂停	0
闭嘴唉	1
你去休息一下吧	1
你休息吧	1
休息关机	0
暂停一下明天的天气	0
音乐关掉	1
谢谢小度你休息吧我吃饭了	1
不想听了	1
关掉歌曲	1
不听了	1
休息啦小度	1
这次不唱歌休息一下	1
休息一会休歇一会儿歇一会儿歇一会儿	1
怎么停了	1
停止通话	0
30分钟后自动暂停	0
怎么停了呢	1
关闭关闭	1
关了吧	1
退出音乐	1
我叫cc休息下	0
暂停关闭电视	0
退下吧断开连接	0
30分钟之后暂停	0
闭嘴在干嘛呀	1
我要让宠物休息一下	0
停止世界上最漂亮的女人	0
暂停我想看电视	0
暂停谁是叶继峰	0
搞什么鬼暂停	0
暂停三我爱你	0
停止音乐回首页	1
休息打开读心术	0
关闭你说话暂停	1
停了吧	1
关了吧我们走了	1
休息天	0
关闭嘴	1
暂停妈妈我听的植物大战僵尸	0
暂停一个超级飞侠	0
请关闭	1
暂停奥特曼	0
音乐停止	1
休息吧唱唱一首凉凉唱一首东西	0
特别好暂停会	1
退出吧	1
休息吧乖乖	1
别放了	1
你闭嘴好吧现在有事	1
十多分钟别说了	0
我发火了你给我停止	1
十六岁的停止	0
休息完了	0
谢歇会儿	1
你休息5分钟	0
小声一点暂停	0
给朕退下	0
没什么闭嘴	1
暂停怪物用英文怎么翻译	0
暂停中文视频	0
打你可以休息了关机睡觉吧	0
暂停吧宝宝给你买回来	0
暂停一遍女儿国	0
闭嘴嗯嗯我在我的观音	0
停止声音	1
软暂停这个名字好听吗	0
停了	1
停止唱歌	1
暂停小度小度	1
等一下开心你要暂停	0
暂停没在北碚买衣服吧	0
休息加速版	0
我要写作业了你也去休息吧	1
stop	1
咱们休息吧我要睡觉了	1
沙漠骆驼休息	0
半小时之后暂停	0
停止没有	0
关掉闹钟	1
关于11点50后停止	0
停止帮我看	1
歇会吧休息一会吧	1
休息啊	1
停止闹钟关机	0
请你去休息	0
暂停电视剧	1
半个小时之后停止	0
好好休息吧	1
你别说话了休息我要写作业了	0
我休息了30秒	0
你休息一下会儿吧我们要出门了	1
晚上早点休息	0
你休息一下吧	1
别说了继续播放	0
播放我要休息我要休息我要休息	0
暂停你不暂停号就被摔了	0
我们出去了暂停	0
暂停一个明天早上7点30分的闹钟	0
音乐停止	1
暂停暂停暂停暂停再大声	0
去休息	1
取消	1
今天更好的休息	0
停止打扫	0
暂停早上好	0
8个小时之后停止	0
有的时候暂停	0
暂停返回主页	1
退出播放	1
不唱了	1
停下	1
暂停一下那个那个280	0
30分钟后停止	0
暂停打电话	0
不要播放音乐	1
静音休息	1
暂停乱世枭雄	0
停止所有	0
我是说休息啊	1
你去休息吧	1
暂停你这个就听那个	0
十点零五喊我停止走路	0
暂停在手机上搜	0
把音乐关掉	1
休息睡觉	1
暂停皓镧传	0
把屏幕关了吧	0
声音停止	0
取消	1
闭嘴红包侠	0
没休息	0
暂停宠物电影	0
你在吗休息一下	1
暂停名侦探柯南	0
停止提醒铁血丹心	0
10分钟后休息	0
休息了关机	0
